StudentID,Quantum Coherence Threshold,Symbiotic Network Compatibility,Astro-Temporal Drift Resistance,Psionic Interference Tolerance,Bio-Luminal Transmission
312804,Stable,None,2 ns/mc,0.10090141263171848,Silver 
311913,Fractured,Harmonized,2 ns/mc,-0.30438939873368875,Crimson 
311635,Chaotic,None,3 ns/mc,-0.9971667006132983,Crimson 
312932,Chaotic,None,2 ns/mc,-0.6669525561388672,Silver 
312929,Stable,None,1 ns/mc,0.6488766989637811,Crimson 
310652,Coherent,None,1 ns/mc,0.8867180388593969,Silver 
311334,Chaotic,None,3 ns/mc,-0.6923854329098131,Crimson 
312229,Fractured,None,2 ns/mc,-0.32903728781530917,Crimson 
312260,Resonant,None,3 ns/mc,0.7515846560711221,White-Blue 
310457,Stable,Harmonized,3 ns/mc,0.43422387865950784,Crimson 
310772,Chaotic,None,2 ns/mc,-0.9417003742993957,Crimson 
312694,Stable,None,3 ns/mc,-0.6421402080200993,Crimson 
311768,Chaotic,None,3 ns/mc,-0.6751985340056637,Violet 
311332,Chaotic,None,3 ns/mc,0.9356616360163841,White-Blue 
311786,Chaotic,None,3 ns/mc,-0.5604257000369772,Silver 
312415,Fractured,None,3 ns/mc,0.4907549092171708,Crimson 
311664,Resonant,None,3 ns/mc,-0.18909029189859816,Crimson 
313173,Chaotic,None,2 ns/mc,-0.5475584082943208,Crimson 
313339,Stable,None,2 ns/mc,-0.3200335794782523,Silver 
312510,Fractured,None,3 ns/mc,-0.06419043711106354,Crimson 
312574,Resonant,None,1 ns/mc,-0.20178480913826768,Crimson 
312269,Coherent,None,3 ns/mc,-0.20900670735260585,Crimson 
311252,Fractured,None,2 ns/mc,-0.20163908709801248,Silver 
310901,Resonant,None,3 ns/mc,0.3462411990432337,Crimson 
311132,Coherent,Harmonized,2 ns/mc,0.07691351026469095,Crimson 
311933,Fractured,None,1 ns/mc,-0.0654922998709726,Violet 
313351,Fractured,None,2 ns/mc,-0.11542267481359625,Crimson 
310447,Coherent,Harmonized,1 ns/mc,0.9558107522474937,White-Blue 
310399,Resonant,None,1 ns/mc,-0.18034375513748468,Crimson 
313597,Resonant,Harmonized,3 ns/mc,-0.5114152099302987,Crimson 
311599,Stable,None,3 ns/mc,0.28707814145075616,Violet 
311049,Stable,Harmonized,2 ns/mc,0.7299819210898912,Crimson 
311922,Coherent,None,2 ns/mc,-0.7543229125622282,Crimson 
310610,Stable,None,1 ns/mc,0.7584709109718075,Crimson 
311669,Fractured,None,3 ns/mc,0.5056660881276378,Crimson 
313547,Chaotic,None,2 ns/mc,0.013104109656304486,Crimson 
312703,Fractured,None,1 ns/mc,0.4239795001345168,Crimson 
313334,Coherent,Harmonized,3 ns/mc,0.1181010381981269,White-Blue 
311706,Chaotic,None,3 ns/mc,-0.13401413158055142,Crimson 
311918,Coherent,None,2 ns/mc,-0.7201831928728764,Silver 
312245,Resonant,Harmonized,1 ns/mc,-0.25606719741134154,Silver 
312297,Fractured,None,1 ns/mc,0.9913996369609674,Crimson 
312310,Chaotic,None,1 ns/mc,0.33086668042145306,Crimson 
313611,Resonant,None,2 ns/mc,-0.39787348955080426,Violet 
311729,Fractured,None,2 ns/mc,0.8483641939805788,Crimson 
310161,Resonant,None,1 ns/mc,0.002126808170000327,White-Blue 
310120,Resonant,Harmonized,3 ns/mc,0.08879738645636026,Crimson 
310295,Coherent,Harmonized,2 ns/mc,-0.625755361415703,Violet 
310177,Stable,Harmonized,1 ns/mc,-0.6964170773494669,Crimson 
312069,Fractured,None,1 ns/mc,0.754084087624662,White-Blue 
311886,Resonant,None,1 ns/mc,0.44833494936537566,White-Blue 
311602,Fractured,None,1 ns/mc,-0.5353288258271516,Silver 
311678,Coherent,None,3 ns/mc,-0.7942523956044725,Silver 
310584,Chaotic,None,1 ns/mc,0.5880372174333264,Crimson 
310205,Chaotic,None,3 ns/mc,-0.7130549107849351,Violet 
313734,Stable,None,3 ns/mc,0.09415330852900228,Crimson 
310461,Stable,None,1 ns/mc,0.2520485456377579,Crimson 
312002,Resonant,Harmonized,2 ns/mc,-0.9246698723612978,White-Blue 
313730,Fractured,None,3 ns/mc,-0.41732658117204546,Crimson 
311804,Resonant,None,3 ns/mc,0.27922070177696523,Crimson 
313155,Resonant,None,2 ns/mc,-0.1697326349302022,Crimson 
312317,Resonant,None,2 ns/mc,0.26060074502363695,Silver 
310135,Chaotic,None,1 ns/mc,0.9883074771149318,Crimson 
311346,Fractured,None,1 ns/mc,0.528317752545117,Crimson 
310957,Chaotic,None,2 ns/mc,0.4199890311575316,Crimson 
313581,Coherent,None,2 ns/mc,-0.789226463218534,Silver 
311170,Fractured,None,1 ns/mc,0.17376785028838726,Crimson 
310060,Stable,None,3 ns/mc,0.12607873906647105,Silver 
311883,Stable,None,2 ns/mc,-0.8322994408826154,Silver 
313539,Stable,None,1 ns/mc,-0.8500025956802895,Crimson 
311020,Fractured,None,3 ns/mc,0.37589593803265187,Crimson 
312356,Fractured,None,2 ns/mc,0.5698803907238594,Crimson 
312654,Fractured,None,1 ns/mc,0.17710205497917464,Violet 
313316,Resonant,None,3 ns/mc,-0.5093362944672011,Crimson 
310442,Fractured,None,1 ns/mc,0.17214473408721664,Crimson 
310916,Stable,None,1 ns/mc,0.551513976501756,Crimson 
310730,Fractured,None,1 ns/mc,-0.49784202820290746,Silver 
311582,Resonant,None,2 ns/mc,0.15016117772298299,Crimson 
313084,Coherent,None,2 ns/mc,-0.9764173974041699,Violet 
310279,Chaotic,None,3 ns/mc,-0.018491762292257796,Crimson 
312076,Stable,None,3 ns/mc,0.1815887304527093,Silver 
310428,Resonant,None,1 ns/mc,-0.912299027466464,Silver 
313410,Stable,None,1 ns/mc,-0.21878257604784546,Crimson 
310960,Chaotic,None,1 ns/mc,-0.36041204876039634,Crimson 
311968,Chaotic,Harmonized,3 ns/mc,0.34347171699319223,Violet 
311995,Fractured,None,3 ns/mc,-0.17986190288536807,Crimson 
312714,Resonant,None,3 ns/mc,0.7461907976419013,Crimson 
313065,Resonant,Harmonized,1 ns/mc,-0.8982589581459444,Violet 
312209,Fractured,None,3 ns/mc,-0.4027119818891636,Violet 
313651,Resonant,None,2 ns/mc,0.4186685332414637,Crimson 
313191,Coherent,None,2 ns/mc,-0.624911320768164,Crimson 
312767,Resonant,None,2 ns/mc,-0.4363910139292875,Crimson 
312411,Chaotic,None,3 ns/mc,9.645385777148352E-4,Crimson 
312194,Stable,None,3 ns/mc,0.4996100115434552,Crimson 
311781,Stable,None,3 ns/mc,0.19060821450807475,Violet 
311522,Chaotic,None,1 ns/mc,-0.44857883234291607,Silver 
311796,Resonant,Harmonized,3 ns/mc,-0.8975036710302318,Violet 
310545,Fractured,None,1 ns/mc,0.49087381179809597,Crimson 
310876,Chaotic,None,2 ns/mc,0.6285844095294915,White-Blue 
313048,Stable,None,2 ns/mc,-0.34239364169964315,Violet 
311936,Fractured,None,1 ns/mc,-0.11397866513079435,Crimson 
312279,Resonant,None,3 ns/mc,-0.47198140740225814,Crimson 
312291,Coherent,Harmonized,2 ns/mc,-0.4400164216316602,Crimson 
310794,Stable,None,2 ns/mc,0.4630205724441625,Crimson 
313555,Chaotic,None,3 ns/mc,0.370688500715892,Crimson 
312501,Chaotic,None,3 ns/mc,-0.628657846141554,Crimson 
310422,Coherent,Harmonized,3 ns/mc,-0.5441215896262523,Violet 
310462,Fractured,None,1 ns/mc,-0.13222652824489,Crimson 
310443,Coherent,None,3 ns/mc,0.40335884580204895,Crimson 
310859,Fractured,None,1 ns/mc,0.7343824278002158,White-Blue 
312342,Resonant,Harmonized,3 ns/mc,-0.4568155691130342,Violet 
310249,Resonant,Harmonized,3 ns/mc,0.7211783645158241,Turquiose 
313441,Fractured,Harmonized,3 ns/mc,0.12451230368675881,Violet 
312162,Stable,None,1 ns/mc,-0.8588063583496821,Crimson 
312154,Fractured,None,2 ns/mc,0.5205719032940361,Silver 
311290,Resonant,None,3 ns/mc,-0.8129177239848349,Crimson 
312741,Stable,None,3 ns/mc,-0.31755931897761136,Crimson 
310636,Stable,None,3 ns/mc,-0.10538558049998259,White-Blue 
310463,Fractured,None,2 ns/mc,0.9880891453595475,Violet 
310027,Chaotic,None,2 ns/mc,-0.050002310770853375,Crimson 
313028,Fractured,None,1 ns/mc,-0.3664493351566569,Crimson 
312288,Coherent,None,1 ns/mc,0.705476579425248,Crimson 
310411,Resonant,Harmonized,3 ns/mc,-0.9078669935783195,Crimson 
310080,Stable,None,3 ns/mc,-0.02533144097189788,Crimson 
311391,Resonant,None,1 ns/mc,-0.8153736309345554,Silver 
312666,Fractured,None,3 ns/mc,-0.8318572080314455,White-Blue 
310858,Chaotic,None,3 ns/mc,-0.44253822053483516,Crimson 
311879,Coherent,None,2 ns/mc,-0.7769419429498796,Crimson 
313655,Chaotic,None,1 ns/mc,0.8646121545132623,Silver 
313124,Stable,None,3 ns/mc,-0.4218942772535259,White-Blue 
311899,Coherent,None,1 ns/mc,0.05236826123888427,Crimson 
311988,Fractured,None,1 ns/mc,-0.16063249422590453,Crimson 
312783,Coherent,None,1 ns/mc,0.9810502645886581,Crimson 
313715,Stable,Harmonized,3 ns/mc,0.11384989181189886,Silver 
312749,Fractured,None,1 ns/mc,-0.19839665370746573,Silver 
313391,Chaotic,Harmonized,3 ns/mc,0.9212787232547588,Crimson 
311505,Resonant,None,3 ns/mc,0.7373079450155398,Crimson 
312201,Fractured,Harmonized,2 ns/mc,0.22250804681652325,Silver 
311698,Stable,Harmonized,3 ns/mc,0.35178102186793847,Crimson 
313502,Chaotic,None,3 ns/mc,-0.3180257494783787,Silver 
311812,Fractured,None,1 ns/mc,-0.11139403758275868,Crimson 
312476,Coherent,None,3 ns/mc,0.055426223682455866,Crimson 
312221,Resonant,None,2 ns/mc,-0.9830063081675071,Crimson 
311869,Stable,None,2 ns/mc,0.39608940539275306,Silver 
313688,Stable,None,2 ns/mc,-0.7423015226821992,Crimson 
312740,Stable,None,1 ns/mc,0.8000336875299507,Crimson 
313236,Resonant,None,2 ns/mc,-0.19469463863677738,Crimson 
311153,Fractured,None,1 ns/mc,0.9892505207284747,Turquiose 
310364,Fractured,None,3 ns/mc,-0.05505240635782882,Silver 
310942,Fractured,None,1 ns/mc,-0.7671832764527846,Silver 
312433,Stable,None,3 ns/mc,-0.9819514590945484,Violet 
310331,Fractured,None,1 ns/mc,0.9194645266404304,Violet 
310712,Stable,None,2 ns/mc,-0.9324805606994331,Crimson 
311941,Stable,None,1 ns/mc,0.05367527667312344,Crimson 
313169,Resonant,None,1 ns/mc,-0.4686318250748609,White-Blue 
312168,Stable,None,2 ns/mc,-0.9563916982653047,Silver 
311371,Resonant,None,3 ns/mc,-0.1984118866376534,Silver 
311703,Fractured,Harmonized,1 ns/mc,-0.7034971734582376,Turquiose 
312488,Resonant,None,2 ns/mc,0.9792592680578249,Turquiose 
312119,Coherent,None,1 ns/mc,0.9794954200278769,Violet 
312768,Chaotic,None,2 ns/mc,0.44927035284934846,Crimson 
311906,Chaotic,None,3 ns/mc,-0.9702481886642593,Silver 
311509,Coherent,Harmonized,2 ns/mc,0.6325678054520152,Silver 
312940,Fractured,None,3 ns/mc,0.5159043173811,Crimson 
311997,Chaotic,None,1 ns/mc,0.9292060899736987,Silver 
311400,Fractured,None,3 ns/mc,0.1491871834002767,Crimson 
311477,Fractured,None,2 ns/mc,0.12771666578055552,Crimson 
313615,Coherent,Harmonized,3 ns/mc,-0.014810559231908993,Silver 
311271,Fractured,None,3 ns/mc,-0.5280803167671675,Crimson 
312907,Fractured,None,3 ns/mc,-0.4480344321254979,White-Blue 
311534,Coherent,None,1 ns/mc,0.7180579484768355,Crimson 
311319,Coherent,None,2 ns/mc,0.3555241097343198,Crimson 
310877,Stable,None,3 ns/mc,-0.23919722598817028,White-Blue 
312165,Resonant,Harmonized,1 ns/mc,0.5571614439346912,Crimson 
310194,Coherent,None,2 ns/mc,0.09088807088986672,Crimson 
310607,Resonant,None,1 ns/mc,0.5187599224824362,Crimson 
310871,Coherent,None,3 ns/mc,0.9723668945457982,Violet 
312588,Fractured,None,3 ns/mc,0.6796445724775626,Silver 
310531,Fractured,None,1 ns/mc,-0.48570804657271327,Crimson 
311744,Fractured,None,1 ns/mc,0.20738194811849775,Silver 
312470,Chaotic,None,3 ns/mc,-0.9989069609721088,Silver 
312554,Coherent,None,3 ns/mc,-0.5731434112253411,Violet 
313558,Resonant,None,2 ns/mc,0.3185868243401109,Silver 
313723,Chaotic,None,1 ns/mc,0.2605854881907448,Silver 
312373,Coherent,None,1 ns/mc,-0.31548797738710843,Crimson 
313004,Fractured,None,2 ns/mc,0.7348043201446692,Silver 
311074,Resonant,None,1 ns/mc,-0.39502288395552654,Crimson 
313149,Coherent,None,2 ns/mc,0.4885611250481776,Crimson 
312972,Coherent,None,2 ns/mc,0.3451095971002609,Crimson 
312366,Fractured,None,1 ns/mc,-0.12254192373418782,Silver 
311725,Stable,None,3 ns/mc,-0.49292113992563436,Crimson 
312854,Stable,None,3 ns/mc,0.2529026846988245,Crimson 
310703,Stable,None,3 ns/mc,0.351130508985088,Violet 
311328,Fractured,None,1 ns/mc,-0.550655688342514,Crimson 
313213,Stable,None,3 ns/mc,0.7335749345502596,Crimson 
312834,Stable,None,3 ns/mc,-0.7530249580182671,Silver 
311213,Coherent,Harmonized,2 ns/mc,-0.005513605110518238,Crimson 
313144,Stable,None,2 ns/mc,0.08242078584926449,Silver 
312968,Chaotic,None,2 ns/mc,0.4579314455378545,Crimson 
310244,Fractured,Harmonized,2 ns/mc,0.7438783392345782,Crimson 
312323,Chaotic,None,1 ns/mc,-0.0677196596278542,Crimson 
311618,Fractured,None,2 ns/mc,-0.3740059988448521,Violet 
311262,Chaotic,None,3 ns/mc,0.7951610680747514,Crimson 
310228,Resonant,None,2 ns/mc,-0.36019947707368916,White-Blue 
310802,Resonant,None,2 ns/mc,-0.30509951756785325,Crimson 
312903,Chaotic,None,2 ns/mc,0.45014792055020547,Crimson 
311554,Chaotic,None,2 ns/mc,-0.8934110635878061,Crimson 
310409,Resonant,None,3 ns/mc,-0.6354978356915917,Violet 
312104,Coherent,None,3 ns/mc,-0.7781472765587807,Violet 
311576,Coherent,None,2 ns/mc,0.15489070755960443,Crimson 
310200,Coherent,None,1 ns/mc,0.9393003374954634,Silver 
311143,Stable,None,3 ns/mc,0.5675232481950585,Crimson 
312372,Chaotic,None,1 ns/mc,0.2622256309937163,Crimson 
312637,Chaotic,None,1 ns/mc,0.5041177346456736,Silver 
312051,Coherent,None,1 ns/mc,0.030478236415898863,Violet 
311311,Stable,None,3 ns/mc,-0.01513817347193358,Crimson 
311826,Coherent,Harmonized,2 ns/mc,-0.7835759346724098,White-Blue 
311378,Chaotic,None,3 ns/mc,0.12696174076162992,Silver 
313764,Resonant,None,3 ns/mc,0.2954279327708702,Crimson 
311810,Stable,None,2 ns/mc,-0.6738474735533784,Silver 
311640,Coherent,None,1 ns/mc,0.7832719535780877,Violet 
313582,Fractured,None,2 ns/mc,0.4848230352950782,Violet 
311605,Resonant,Harmonized,2 ns/mc,-0.2239610747429197,Crimson 
311980,Stable,None,2 ns/mc,0.564500364250093,Silver 
312584,Fractured,None,2 ns/mc,0.07020469150096598,Silver 
312518,Resonant,None,1 ns/mc,0.7917947381559183,Crimson 
310220,Coherent,Harmonized,3 ns/mc,0.9126856834398236,Silver 
311665,Stable,None,3 ns/mc,0.010222127986393659,Crimson 
311590,Stable,None,3 ns/mc,-0.5450048491071386,Crimson 
312087,Resonant,None,1 ns/mc,0.9399559065243657,Crimson 
313511,Fractured,None,2 ns/mc,-0.22671096188163387,Silver 
312696,Coherent,None,3 ns/mc,-0.9435456909296573,Crimson 
311087,Fractured,None,3 ns/mc,-0.3294244268499331,Crimson 
311543,Chaotic,None,2 ns/mc,0.12349701974847105,Crimson 
310506,Fractured,None,2 ns/mc,0.0020938569942841045,Crimson 
313057,Coherent,None,1 ns/mc,0.6394956282364617,Crimson 
313203,Resonant,None,2 ns/mc,0.335972386732567,Crimson 
310452,Stable,None,2 ns/mc,-0.19790365974445123,Violet 
313619,Stable,None,3 ns/mc,-0.7313743131672834,Crimson 
311588,Coherent,None,3 ns/mc,0.541717400622908,Crimson 
310525,Stable,None,3 ns/mc,0.39587613696802926,Crimson 
312897,Fractured,None,2 ns/mc,0.19003571361260163,Crimson 
313422,Chaotic,None,2 ns/mc,0.5935999484045742,Crimson 
313404,Resonant,Harmonized,1 ns/mc,-0.4391720448188994,Crimson 
313463,Resonant,Harmonized,1 ns/mc,0.4469961920447296,Crimson 
310098,Resonant,Harmonized,1 ns/mc,0.2892145554473313,Crimson 
310500,Fractured,None,2 ns/mc,0.7150967540646676,Crimson 
310382,Stable,None,3 ns/mc,-0.878719301656121,Crimson 
311824,Coherent,None,1 ns/mc,-0.5865454666088943,Crimson 
310592,Fractured,None,1 ns/mc,-0.4047943863838672,Crimson 
313233,Stable,None,3 ns/mc,0.2956850898877774,Crimson 
311031,Fractured,None,3 ns/mc,0.6218931087548749,Crimson 
313794,Coherent,None,3 ns/mc,-0.31319327206044245,Silver 
310125,Coherent,None,1 ns/mc,0.5188880644337945,Crimson 
313055,Stable,None,1 ns/mc,0.5820276869276753,Silver 
310169,Stable,None,3 ns/mc,0.007011604256495829,Crimson 
310110,Stable,None,2 ns/mc,-0.7908187771123278,Violet 
313171,Stable,None,2 ns/mc,0.6280011869637092,Crimson 
313069,Resonant,None,3 ns/mc,0.7638283572796531,Crimson 
310758,Fractured,None,3 ns/mc,-0.18720676705653938,Crimson 
311991,Fractured,None,1 ns/mc,-0.8046006909256578,Silver 
312629,Stable,None,3 ns/mc,-0.7732859809881532,Crimson 
312106,Stable,Harmonized,3 ns/mc,0.6692182784915282,Crimson 
312314,Resonant,None,2 ns/mc,0.7515106851112863,Crimson 
310862,Chaotic,None,3 ns/mc,0.8227678363044477,Crimson 
310912,Coherent,None,2 ns/mc,0.49007842555572,Crimson 
313318,Fractured,None,1 ns/mc,0.8698683064337036,Silver 
312264,Fractured,Harmonized,1 ns/mc,0.8440139415153485,Crimson 
313431,Fractured,None,3 ns/mc,0.1407954109731988,Crimson 
313285,Stable,None,3 ns/mc,0.9398572603873807,Crimson 
313344,Coherent,None,1 ns/mc,-0.9677195310453208,Violet 
313163,Resonant,None,3 ns/mc,0.8195556545020481,Crimson 
312916,Stable,Harmonized,1 ns/mc,-0.2863015438182819,Crimson 
311455,Fractured,None,1 ns/mc,-0.7807702075091998,Crimson 
310970,Resonant,None,1 ns/mc,0.6112593019503967,Crimson 
311893,Coherent,None,1 ns/mc,-0.07400949529484913,Silver 
312836,Stable,None,3 ns/mc,0.12077310335205582,Crimson 
310840,Stable,Harmonized,2 ns/mc,0.6071341703593796,Crimson 
310469,Resonant,None,1 ns/mc,0.23144005350580055,Crimson 
310750,Coherent,None,2 ns/mc,-0.7003691735312294,Crimson 
311865,Chaotic,None,1 ns/mc,-0.8547619171816037,Crimson 
313661,Resonant,None,3 ns/mc,0.37957827903227304,Crimson 
311379,Fractured,None,1 ns/mc,-0.4761375025958001,Crimson 
312793,Coherent,None,3 ns/mc,0.6947680649285193,Violet 
310547,Coherent,None,1 ns/mc,-0.44176012921934804,Crimson 
310798,Chaotic,None,3 ns/mc,0.46659205415268645,Crimson 
312918,Chaotic,None,3 ns/mc,0.1991191005068449,Crimson 
312733,Stable,None,3 ns/mc,0.023983804886333893,Silver 
311528,Fractured,None,3 ns/mc,-0.624459731084885,Crimson 
310131,Resonant,None,2 ns/mc,0.35873591719981235,Crimson 
313772,Chaotic,None,2 ns/mc,0.4946437131529582,Crimson 
313648,Fractured,None,2 ns/mc,-0.5295530664831101,Silver 
313194,Stable,None,1 ns/mc,-0.1342074161475466,Crimson 
312788,Fractured,None,2 ns/mc,0.13866427212327181,Violet 
313460,Chaotic,None,2 ns/mc,-0.16695759273829958,Violet 
311308,Chaotic,None,1 ns/mc,0.02857592308204504,Crimson 
311079,Resonant,Harmonized,1 ns/mc,0.3300858247105045,Crimson 
310945,Coherent,Harmonized,2 ns/mc,0.1337680319550032,White-Blue 
311903,Resonant,None,3 ns/mc,0.060570836213181156,Silver 
312635,Stable,None,2 ns/mc,-0.1856487647649745,Silver 
313094,Stable,None,1 ns/mc,-0.11377996425948256,Silver 
313101,Stable,None,2 ns/mc,0.1339549070172208,Crimson 
312860,Fractured,None,1 ns/mc,-0.077992187642135,Crimson 
313636,Chaotic,None,1 ns/mc,0.19517885202324692,Silver 
312014,Resonant,None,1 ns/mc,-0.7203357934602148,Crimson 
313036,Fractured,None,1 ns/mc,0.5872148941389186,Violet 
313426,Resonant,None,3 ns/mc,0.69878512489953,Silver 
312147,Coherent,None,1 ns/mc,-0.3691531186349801,Violet 
310391,Stable,None,1 ns/mc,0.5564883590301777,Silver 
311494,Stable,None,3 ns/mc,-0.5959125135666989,Crimson 
310997,Fractured,None,2 ns/mc,-0.9799064864593616,Silver 
312978,Stable,None,3 ns/mc,0.22488097613835656,Crimson 
312235,Resonant,None,2 ns/mc,-0.18432934462294748,Crimson 
312514,Stable,Harmonized,3 ns/mc,0.6345662316222236,Crimson 
310818,Resonant,None,2 ns/mc,0.34996595410021736,Crimson 
313788,Coherent,None,1 ns/mc,0.06791100642599468,Silver 
310347,Fractured,Harmonized,3 ns/mc,0.36599727387749503,Crimson 
312951,Chaotic,None,1 ns/mc,0.28180186010583896,Crimson 
312667,Fractured,None,1 ns/mc,0.771823455139987,Crimson 
313523,Chaotic,None,1 ns/mc,0.8898019497146359,Crimson 
312016,Chaotic,None,1 ns/mc,-0.20685422014888233,Crimson 
310251,Coherent,Harmonized,1 ns/mc,0.02174595953574343,Crimson 
311458,Fractured,None,1 ns/mc,-0.5313300848468399,Crimson 
311574,Chaotic,None,1 ns/mc,0.8164985386367565,Crimson 
312018,Resonant,None,1 ns/mc,0.9158981094632441,Silver 
312867,Fractured,None,1 ns/mc,-0.06032053542126836,Turquiose 
313774,Stable,Harmonized,2 ns/mc,-0.7150009517685261,Silver 
310258,Coherent,Harmonized,2 ns/mc,0.8805574434860333,Silver 
310940,Fractured,None,3 ns/mc,0.8738148364377218,Crimson 
313200,Fractured,None,1 ns/mc,0.70204417845718,Violet 
311707,Fractured,None,3 ns/mc,0.74470034740334,Crimson 
311445,Stable,None,1 ns/mc,0.18393749409837956,Crimson 
311037,Fractured,None,1 ns/mc,0.27744198868654646,Crimson 
312382,Coherent,None,1 ns/mc,0.16574644433443098,Crimson 
312371,Resonant,Harmonized,3 ns/mc,-0.27147411509658226,Crimson 
312717,Coherent,Harmonized,2 ns/mc,-0.30162631806874485,Crimson 
310314,Chaotic,None,2 ns/mc,0.41846442678824136,Violet 
311350,Stable,None,2 ns/mc,0.5294201099483098,Crimson 
311610,Coherent,None,1 ns/mc,-0.6256727997646516,White-Blue 
311517,Coherent,None,3 ns/mc,0.9614471871265526,Silver 
313038,Stable,None,1 ns/mc,0.6133676669443255,Silver 
311663,Resonant,Harmonized,2 ns/mc,0.7753274660445231,Silver 
311889,Coherent,None,1 ns/mc,0.8833508181653515,Crimson 
313445,Stable,None,1 ns/mc,-0.6549319554983344,Silver 
311705,Fractured,None,1 ns/mc,0.9762782652211748,Crimson 
311463,Fractured,Harmonized,2 ns/mc,-0.18745641876050811,Crimson 
310718,Fractured,None,1 ns/mc,-0.8077981791824931,Silver 
311202,Resonant,Harmonized,1 ns/mc,0.09894348710035672,Silver 
311539,Fractured,None,3 ns/mc,0.20191207319075488,Crimson 
313072,Resonant,None,2 ns/mc,-0.2011362997149868,Crimson 
312375,Coherent,None,3 ns/mc,-0.41757606579560225,Silver 
311185,Fractured,None,1 ns/mc,-0.330468707843246,White-Blue 
310332,Stable,None,2 ns/mc,0.04008731901873075,Crimson 
313118,Stable,None,3 ns/mc,0.5761799033414605,Crimson 
310515,Coherent,None,3 ns/mc,-0.22415840901920392,Crimson 
311985,Stable,None,1 ns/mc,0.8124706069202785,Silver 
312567,Resonant,None,1 ns/mc,-0.11024160796174343,Crimson 
312511,Coherent,None,2 ns/mc,0.8796271913694109,Silver 
311897,Resonant,Harmonized,3 ns/mc,-0.918651370866191,Crimson 
311464,Fractured,None,3 ns/mc,-0.9460353983541654,Violet 
313198,Coherent,None,3 ns/mc,-0.42354678813444036,Violet 
313623,Stable,None,3 ns/mc,-0.8767728944937652,Crimson 
310418,Stable,Harmonized,1 ns/mc,-0.0617935595153023,Crimson 
311238,Coherent,Harmonized,2 ns/mc,0.034211273341961945,Crimson 
312887,Fractured,None,3 ns/mc,0.46740877327564423,Silver 
310044,Stable,None,3 ns/mc,-0.37528024170719587,Turquiose 
310655,Resonant,None,1 ns/mc,0.18370781540754821,Silver 
313064,Fractured,None,1 ns/mc,-0.9681590852841231,Crimson 
312723,Chaotic,None,2 ns/mc,-0.47455607814569145,Silver 
310953,Resonant,Harmonized,1 ns/mc,-0.20801797043569192,Crimson 
310122,Coherent,None,3 ns/mc,0.019762919962318604,Crimson 
310569,Coherent,None,3 ns/mc,-0.9536535607021879,Crimson 
313091,Coherent,None,2 ns/mc,0.9622227620174939,Silver 
310223,Chaotic,None,2 ns/mc,-0.4008542790221945,Crimson 
310561,Resonant,None,2 ns/mc,0.18089179703551217,Crimson 
313265,Stable,None,3 ns/mc,-0.5182484023178218,Silver 
312327,Fractured,None,2 ns/mc,0.5806408066578759,Crimson 
311498,Fractured,None,1 ns/mc,-0.22789804263468705,Crimson 
312026,Chaotic,None,1 ns/mc,0.11237748598464758,Crimson 
311782,Stable,None,3 ns/mc,0.7688819914627709,Crimson 
313561,Chaotic,None,1 ns/mc,-0.4289466198596046,Crimson 
313747,Chaotic,None,2 ns/mc,-0.018762519873605,Silver 
310087,Chaotic,Harmonized,1 ns/mc,-0.5030845159125945,Silver 
312547,Fractured,None,2 ns/mc,0.30804452655805536,Crimson 
311086,Stable,None,1 ns/mc,0.4619667358095503,Crimson 
310696,Stable,None,2 ns/mc,-0.6950720267457635,Silver 
311341,Fractured,Harmonized,2 ns/mc,-0.16659160739679413,Crimson 
310362,Coherent,None,1 ns/mc,0.2983018116519689,Silver 
310517,Coherent,Harmonized,2 ns/mc,0.927094490028592,Crimson 
310633,Stable,Harmonized,2 ns/mc,-0.8925167136161183,Crimson 
311289,Resonant,None,2 ns/mc,-0.2630058526781356,Violet 
313088,Fractured,None,2 ns/mc,0.10408211946458956,Crimson 
310838,Resonant,Harmonized,2 ns/mc,-0.6375530019827642,Crimson 
311395,Stable,None,2 ns/mc,0.855769793998427,Crimson 
310532,Coherent,Harmonized,2 ns/mc,0.9027731479110968,Crimson 
311719,Stable,None,1 ns/mc,0.09455951034921029,Crimson 
310310,Stable,None,3 ns/mc,-0.9719969086265079,Silver 
310414,Stable,None,3 ns/mc,-0.031029404711492514,Crimson 
313372,Fractured,None,3 ns/mc,0.9999371668326364,Silver 
311165,Chaotic,None,2 ns/mc,0.9332553076375791,Violet 
312199,Stable,None,1 ns/mc,0.17347814986230303,Silver 
312771,Stable,None,3 ns/mc,-0.9285946591229901,Crimson 
310451,Stable,None,1 ns/mc,-0.20775528959099487,Violet 
313638,Fractured,None,3 ns/mc,0.06672052878663925,Silver 
311535,Fractured,Harmonized,1 ns/mc,0.19370352235408217,Violet 
313394,Stable,None,2 ns/mc,0.7142698662056572,Turquiose 
313222,Coherent,None,3 ns/mc,-0.1855991577966647,Crimson 
311280,Resonant,None,1 ns/mc,-0.9366188950855447,Crimson 
311068,Resonant,None,3 ns/mc,-0.6588576916057329,Crimson 
310704,Fractured,None,3 ns/mc,-0.5145507300260848,Crimson 
310645,Stable,None,2 ns/mc,0.870745817642576,Crimson 
313279,Stable,None,1 ns/mc,-0.6609903577698615,Crimson 
310575,Stable,None,1 ns/mc,-0.7003730043606449,Crimson 
313482,Coherent,None,2 ns/mc,0.8738628686936545,Crimson 
313258,Fractured,None,2 ns/mc,0.5836155249939483,Crimson 
310779,Coherent,None,1 ns/mc,0.017677527478969113,Crimson 
312257,Resonant,None,2 ns/mc,-0.03040003695625071,Silver 
311484,Chaotic,None,3 ns/mc,-0.011831939249092427,Crimson 
310376,Fractured,None,1 ns/mc,0.8345485016624059,Crimson 
311070,Stable,None,1 ns/mc,0.24440948830685394,Crimson 
313025,Resonant,Harmonized,1 ns/mc,0.046230218596932104,Crimson 
313604,Chaotic,None,3 ns/mc,0.8024606776817906,Silver 
311123,Stable,None,2 ns/mc,-0.3988071772016897,Crimson 
310817,Fractured,Harmonized,3 ns/mc,0.6071691619780124,Silver 
311472,Chaotic,None,1 ns/mc,-0.7498438458622028,Crimson 
311108,Fractured,None,2 ns/mc,0.7010695665599034,Crimson 
312942,Fractured,None,1 ns/mc,0.9708734595859818,Crimson 
310476,Resonant,None,1 ns/mc,0.911645216036902,Crimson 
312530,Fractured,None,1 ns/mc,0.5846698322524027,Silver 
312088,Chaotic,None,2 ns/mc,0.20101651337385262,White-Blue 
312820,Stable,None,3 ns/mc,0.631604401572277,Crimson 
312185,Chaotic,None,2 ns/mc,-0.8765496332685403,Crimson 
310664,Resonant,Harmonized,2 ns/mc,-0.28657307640702423,Silver 
313709,Fractured,None,2 ns/mc,0.029662116778236935,Crimson 
313043,Chaotic,None,2 ns/mc,0.1108914229071456,Violet 
313784,Resonant,None,2 ns/mc,-0.8193417009210151,Crimson 
313045,Fractured,None,1 ns/mc,0.3101279962280725,Crimson 
312089,Stable,Harmonized,3 ns/mc,0.031023580161704478,Turquiose 
311585,Fractured,None,1 ns/mc,-0.20914768100803305,Crimson 
311551,Resonant,None,2 ns/mc,-0.8743002862627982,Crimson 
312737,Chaotic,None,2 ns/mc,0.3995929565679126,Violet 
310555,Coherent,None,2 ns/mc,0.8673577466181328,Crimson 
312796,Chaotic,None,3 ns/mc,-0.08937204094685969,Crimson 
310550,Chaotic,None,1 ns/mc,-0.333639949792526,Crimson 
311209,Stable,None,1 ns/mc,0.10252573512062635,Silver 
312361,Resonant,Harmonized,2 ns/mc,0.7048362702416757,Crimson 
310289,Coherent,Harmonized,1 ns/mc,-0.2955031670620225,Silver 
312955,Fractured,None,2 ns/mc,-0.5020265817530976,Violet 
313003,Coherent,Harmonized,2 ns/mc,-0.4860017343928431,Crimson 
311515,Chaotic,None,1 ns/mc,0.6057567603228737,Crimson 
311047,Coherent,None,3 ns/mc,0.1338155371883485,Crimson 
311318,Stable,None,2 ns/mc,0.7324909263372783,Violet 
312648,Chaotic,None,1 ns/mc,-0.8092676545641866,Crimson 
310498,Stable,None,2 ns/mc,0.8414666090515319,Crimson 
310216,Resonant,None,3 ns/mc,-0.5484986000703223,Crimson 
310567,Fractured,None,1 ns/mc,-0.8566876119586047,Silver 
313303,Resonant,None,3 ns/mc,-0.886221324950895,Crimson 
313147,Resonant,Harmonized,1 ns/mc,0.362566170125306,Silver 
311901,Chaotic,None,2 ns/mc,-0.548164642278754,Violet 
310086,Stable,None,2 ns/mc,-0.15220305427636593,Crimson 
311467,Chaotic,None,1 ns/mc,0.31093382359063737,Crimson 
311801,Stable,None,3 ns/mc,0.3185202421487152,Crimson 
312318,Stable,None,2 ns/mc,0.23511411278441563,Silver 
311456,Fractured,None,1 ns/mc,-0.30187641776631335,Crimson 
313414,Fractured,None,2 ns/mc,-0.9518033310910445,Silver 
311840,Coherent,Harmonized,3 ns/mc,-0.24675883467414805,Silver 
310581,Fractured,None,1 ns/mc,-0.7983450284570717,Crimson 
313299,Chaotic,None,3 ns/mc,0.4700809367251497,Violet 
310208,Resonant,None,1 ns/mc,-0.779494181638474,White-Blue 
312618,Coherent,Harmonized,3 ns/mc,0.9897335088198058,Silver 
310435,Stable,Harmonized,3 ns/mc,-0.5653541562511157,Crimson 
311815,Resonant,None,3 ns/mc,-0.31919357308123364,Silver 
312764,Fractured,Harmonized,2 ns/mc,-0.9557541082999654,Crimson 
312308,Stable,Harmonized,2 ns/mc,0.41952020997953454,Silver 
313644,Resonant,None,3 ns/mc,-0.11627103303803121,Turquiose 
312321,Chaotic,None,3 ns/mc,0.7682948710442141,Violet 
310640,Stable,None,3 ns/mc,-0.7385755437095995,Crimson 
311629,Resonant,None,2 ns/mc,-0.693383366009702,Silver 
312534,Stable,None,1 ns/mc,0.0999338125473328,Crimson 
312658,Resonant,None,2 ns/mc,0.8322352535206194,Crimson 
313705,Coherent,None,3 ns/mc,-0.11484737593045913,Crimson 
311573,Chaotic,Harmonized,1 ns/mc,-0.2353370401869319,Crimson 
311609,Coherent,None,2 ns/mc,0.5477149409451703,Violet 
312774,Chaotic,None,1 ns/mc,-0.9830245223956202,Silver 
313531,Chaotic,None,2 ns/mc,0.043390680591306685,Crimson 
311799,Fractured,Harmonized,1 ns/mc,0.4387302246748723,Crimson 
310069,Coherent,None,3 ns/mc,-0.6299563420651195,Crimson 
313120,Resonant,None,1 ns/mc,-0.26870819512149335,Crimson 
312976,Resonant,None,3 ns/mc,-0.43459157924412795,Crimson 
312563,Coherent,None,3 ns/mc,0.8803348197997172,Turquiose 
313189,Fractured,None,2 ns/mc,0.54368507972878,Crimson 
310708,Coherent,Harmonized,2 ns/mc,-0.1228246147894414,White-Blue 
313229,Stable,None,3 ns/mc,-0.5787084304220085,Silver 
310835,Resonant,None,2 ns/mc,-0.586116970347438,Crimson 
310961,Chaotic,None,1 ns/mc,0.9549175552013083,Crimson 
310432,Fractured,None,1 ns/mc,-0.9896903246458835,Crimson 
310603,Stable,None,3 ns/mc,-0.1301152520967792,Crimson 
313541,Coherent,None,2 ns/mc,0.13592591507422558,Crimson 
312991,Chaotic,None,3 ns/mc,-0.4654151909458195,Crimson 
310196,Fractured,None,3 ns/mc,0.5552043923275514,Turquiose 
311137,Coherent,None,1 ns/mc,0.9629669388175266,Crimson 
312137,Resonant,None,1 ns/mc,0.820602787027698,Violet 
312475,Fractured,None,3 ns/mc,-0.5071086592989584,Turquiose 
313175,Fractured,None,3 ns/mc,-0.29604609997590026,Silver 
312645,Fractured,None,1 ns/mc,-0.7364453542785556,Turquiose 
312826,Fractured,None,2 ns/mc,-0.20219385037656457,Turquiose 
311383,Fractured,None,1 ns/mc,0.041742179389984146,Violet 
313465,Coherent,None,3 ns/mc,0.8053311714547529,Violet 
311481,Coherent,None,2 ns/mc,0.2473225118244169,Crimson 
311359,Stable,None,2 ns/mc,0.15484018969580626,Silver 
310287,Coherent,None,1 ns/mc,-0.3976333946700519,Violet 
311178,Fractured,None,1 ns/mc,-0.2644608587034796,Silver 
313137,Resonant,None,3 ns/mc,0.7653976825667996,Silver 
311126,Resonant,None,3 ns/mc,0.4549248101449739,Crimson 
310770,Coherent,None,2 ns/mc,-0.20139235854756898,Crimson 
311282,Fractured,Harmonized,1 ns/mc,0.9480240486174847,Crimson 
311042,Resonant,None,2 ns/mc,-0.2884968923365052,Silver 
311999,Stable,None,3 ns/mc,0.41754753879308915,Crimson 
312504,Coherent,None,2 ns/mc,0.8185548034986527,Crimson 
313136,Resonant,None,3 ns/mc,-0.6054824805479513,Violet 
310494,Fractured,None,3 ns/mc,-0.222703224153185,Crimson 
310383,Coherent,Harmonized,1 ns/mc,-0.24664480879091855,Violet 
313452,Chaotic,None,2 ns/mc,-0.5573902634726464,Crimson 
312863,Coherent,None,3 ns/mc,-0.8931017387569746,Crimson 
313496,Fractured,None,3 ns/mc,0.4371089271339863,Silver 
313572,Stable,None,1 ns/mc,0.33467752654902894,Crimson 
311024,Stable,None,1 ns/mc,-0.46019173017077253,Silver 
310260,Coherent,None,3 ns/mc,-0.9033850978162312,Turquiose 
312333,Coherent,None,3 ns/mc,-0.4102938923086328,Crimson 
312912,Resonant,None,3 ns/mc,0.6329538979936491,Crimson 
312362,Chaotic,None,3 ns/mc,0.4916386465717135,Crimson 
310921,Chaotic,Harmonized,2 ns/mc,0.0015984413535352626,Silver 
310808,Fractured,None,1 ns/mc,-0.18798870690686043,Turquiose 
312920,Chaotic,None,3 ns/mc,0.7073095782328418,Crimson 
311752,Stable,None,3 ns/mc,0.475790054699172,Violet 
310317,Stable,None,2 ns/mc,-0.983945744838087,Turquiose 
310496,Coherent,None,3 ns/mc,-0.36936514246748176,Crimson 
310076,Coherent,Harmonized,3 ns/mc,-0.412422692653043,Violet 
311157,Coherent,None,3 ns/mc,-0.20273960863832707,Crimson 
311775,Resonant,None,1 ns/mc,0.1930316138571666,Crimson 
312409,Resonant,None,1 ns/mc,0.5894416879479678,Crimson 
310662,Chaotic,None,2 ns/mc,0.3256620336379037,Silver 
310825,Chaotic,None,3 ns/mc,0.30444199961375773,Crimson 
311977,Fractured,None,1 ns/mc,0.15420910225365714,Violet 
310538,Resonant,None,2 ns/mc,0.9962437674420241,Silver 
313467,Fractured,None,1 ns/mc,0.6079522177428722,Crimson 
313642,Coherent,None,3 ns/mc,-0.29643789517478036,Crimson 
310977,Stable,None,3 ns/mc,-0.13657205136545847,Crimson 
311858,Stable,None,2 ns/mc,0.3642743005239586,Turquiose 
312706,Coherent,None,2 ns/mc,-0.12999581356806011,Crimson 
311756,Fractured,None,3 ns/mc,-0.07580391138094766,Violet 
311226,Resonant,None,3 ns/mc,0.7306183386724985,Crimson 
313324,Coherent,None,1 ns/mc,0.5014638562944089,Crimson 
311083,Resonant,None,2 ns/mc,-0.7518249723255779,Crimson 
310651,Chaotic,None,2 ns/mc,-0.12179950774716919,Crimson 
312067,Resonant,Harmonized,3 ns/mc,-0.8263174664553199,Crimson 
312505,Chaotic,Harmonized,1 ns/mc,-0.6064145313938976,Crimson 
312467,Fractured,None,3 ns/mc,0.17470985512937487,White-Blue 
312080,Chaotic,None,2 ns/mc,-0.35707876997517585,Crimson 
312967,Fractured,Harmonized,2 ns/mc,0.9896375988665349,Silver 
311651,Stable,None,1 ns/mc,0.6791364264911381,Silver 
310669,Stable,None,3 ns/mc,-0.7349686350784086,Silver 
312807,Chaotic,None,1 ns/mc,0.5800378585251502,Crimson 
310619,Chaotic,None,1 ns/mc,-0.816957708200913,Crimson 
312630,Chaotic,None,3 ns/mc,-0.2796436655344492,Crimson 
310421,Coherent,None,2 ns/mc,-0.22517144086343577,Crimson 
313798,Stable,None,1 ns/mc,0.11669837947603479,Violet 
313277,Chaotic,None,1 ns/mc,-0.9588798074002629,Crimson 
313626,Chaotic,None,1 ns/mc,0.3150783209741934,Turquiose 
310847,Fractured,None,3 ns/mc,0.8450551997680134,Crimson 
313617,Stable,None,2 ns/mc,-0.6165534531229753,Crimson 
312072,Stable,Harmonized,1 ns/mc,-0.17305545173489123,Crimson 
312894,Stable,None,3 ns/mc,0.4962283725191663,Crimson 
310642,Fractured,None,2 ns/mc,0.24456302800303398,Crimson 
312275,Stable,None,2 ns/mc,-0.032855949086014524,Crimson 
310867,Chaotic,None,2 ns/mc,0.34460420081361276,Violet 
311474,Chaotic,None,1 ns/mc,0.695743078333422,Crimson 
313479,Resonant,None,1 ns/mc,-0.1964099406432238,Crimson 
312178,Resonant,None,3 ns/mc,0.6604667514888081,Violet 
311009,Resonant,Harmonized,1 ns/mc,0.3490659238683891,Turquiose 
313719,Chaotic,None,1 ns/mc,0.16456606309738375,Crimson 
311189,Fractured,None,2 ns/mc,0.5999946601346029,Crimson 
310051,Fractured,None,3 ns/mc,0.19515796472089475,Crimson 
312605,Stable,None,2 ns/mc,0.13544004846719782,Crimson 
312662,Stable,None,3 ns/mc,-0.8680992275202606,Silver 
312845,Stable,None,1 ns/mc,-0.08774190430874396,Crimson 
312784,Fractured,None,3 ns/mc,0.23171706968193106,Silver 
310155,Chaotic,None,1 ns/mc,-0.8923818330908504,Silver 
313308,Stable,None,1 ns/mc,-0.24906456885958872,Silver 
313714,Fractured,Harmonized,1 ns/mc,0.7899468965209271,Crimson 
313627,Coherent,None,2 ns/mc,-0.23153286396496342,Silver 
311637,Chaotic,None,1 ns/mc,-0.3078860497665632,Crimson 
310717,Chaotic,Harmonized,3 ns/mc,0.8282676635899782,Silver 
311694,Stable,None,1 ns/mc,0.6209391425907018,Crimson 
310749,Fractured,None,1 ns/mc,0.5557525452341405,Crimson 
310352,Fractured,None,1 ns/mc,-0.9599513963780213,Crimson 
310404,Fractured,None,1 ns/mc,-0.8456589483336694,Crimson 
310066,Coherent,None,2 ns/mc,0.5934525128329573,Crimson 
312813,Fractured,None,1 ns/mc,0.02881451930797363,Silver 
313167,Fractured,None,3 ns/mc,-0.4650065100312466,Crimson 
312068,Fractured,Harmonized,2 ns/mc,0.45179781663491325,Crimson 
311643,Coherent,None,2 ns/mc,-0.9598219638632388,Silver 
313711,Chaotic,None,3 ns/mc,0.5347267958409585,Crimson 
313632,Coherent,None,2 ns/mc,-0.7336732870837805,Crimson 
310638,Stable,None,1 ns/mc,-0.27570204535689724,Crimson 
310321,Coherent,None,3 ns/mc,-0.07927106214079527,Silver 
312557,Fractured,None,1 ns/mc,0.38290697700370724,Crimson 
313187,Chaotic,None,1 ns/mc,-0.86099404727833,Turquiose 
311749,Resonant,None,1 ns/mc,0.7950990111551757,Violet 
310047,Resonant,None,1 ns/mc,-0.5111123075721118,Crimson 
311531,Stable,Harmonized,2 ns/mc,0.4477687532398702,Violet 
311722,Resonant,None,1 ns/mc,-0.7985817672982596,Crimson 
311187,Fractured,None,3 ns/mc,-0.7715327160696017,Crimson 
312596,Resonant,None,3 ns/mc,-0.0929796796153517,Crimson 
311556,Fractured,None,3 ns/mc,-0.35254425335787976,Violet 
310440,Fractured,None,2 ns/mc,0.9639171993508584,Crimson 
312329,Resonant,None,1 ns/mc,0.537080326156272,Silver 
311822,Resonant,None,2 ns/mc,0.1959637191535335,Crimson 
310728,Coherent,None,1 ns/mc,-0.013430007909510433,Crimson 
311662,Coherent,None,1 ns/mc,0.3961717270320695,Violet 
313095,Fractured,None,1 ns/mc,0.6390113120898573,Violet 
313278,Chaotic,None,2 ns/mc,-0.5650359679780967,Crimson 
312544,Stable,None,1 ns/mc,0.16239810268859656,Crimson 
313471,Chaotic,None,1 ns/mc,0.283006379811338,Crimson 
312305,Fractured,None,3 ns/mc,0.9111930301852889,White-Blue 
310274,Chaotic,None,2 ns/mc,-0.9588918319533575,Crimson 
311674,Fractured,None,2 ns/mc,0.9142643156988561,Silver 
312621,Stable,None,1 ns/mc,-0.29982347821969446,Crimson 
311486,Stable,None,3 ns/mc,0.31302910119224125,Silver 
313744,Resonant,None,2 ns/mc,0.4431038127546525,Violet 
312620,Coherent,Harmonized,3 ns/mc,0.33209391345261774,Silver 
311940,Coherent,None,2 ns/mc,0.2976136508759315,Crimson 
310989,Chaotic,None,3 ns/mc,0.6688616552637152,Crimson 
311514,Chaotic,None,1 ns/mc,0.6006942969797164,Crimson 
310934,Chaotic,None,2 ns/mc,0.16097148028803043,Crimson 
313476,Resonant,Harmonized,1 ns/mc,0.7246141102120347,Silver 
310340,Chaotic,None,1 ns/mc,-0.9416017812824631,White-Blue 
310328,Coherent,None,1 ns/mc,0.44474587886580963,White-Blue 
310303,Fractured,None,1 ns/mc,0.9854954993919236,Crimson 
313376,Fractured,Harmonized,1 ns/mc,-0.684695796557282,Silver 
310105,Coherent,Harmonized,1 ns/mc,0.04221972946151009,Crimson 
311442,Fractured,Harmonized,2 ns/mc,-0.48605854549638616,Silver 
310203,Fractured,None,1 ns/mc,-0.3554069705305134,Crimson 
310925,Stable,None,2 ns/mc,-0.8122801419929777,Silver 
311408,Resonant,None,2 ns/mc,0.5835718184062986,Crimson 
313347,Coherent,None,3 ns/mc,-0.9660179238424156,Silver 
312963,Stable,None,2 ns/mc,0.06232095402039395,Crimson 
312419,Coherent,None,1 ns/mc,-0.902759106270633,Crimson 
311563,Stable,None,1 ns/mc,0.2507453025540798,Silver 
310283,Stable,Harmonized,3 ns/mc,0.5723625555178178,Crimson 
311158,Stable,None,1 ns/mc,0.8652045524479741,Silver 
311174,Fractured,None,2 ns/mc,-0.692349704515302,Crimson 
311205,Fractured,None,1 ns/mc,0.7165950248531316,Crimson 
311915,Stable,None,1 ns/mc,-0.23433974549023118,Violet 
310962,Chaotic,None,2 ns/mc,0.16791585594926373,Silver 
312609,Chaotic,None,1 ns/mc,0.04548785961106505,Crimson 
311003,Fractured,None,3 ns/mc,0.7624304366898067,Crimson 
310126,Stable,None,2 ns/mc,0.5145829382040272,Crimson 
313327,Resonant,Harmonized,3 ns/mc,0.32100899519249393,Crimson 
313455,Resonant,Harmonized,2 ns/mc,-0.15345179959109823,Crimson 
310673,Coherent,None,3 ns/mc,-0.6572540147968151,Violet 
313355,Coherent,None,3 ns/mc,-0.06887366706877285,Silver 
310168,Resonant,None,3 ns/mc,0.5905697661363962,Violet 
312034,Chaotic,Harmonized,2 ns/mc,-0.1626676484292131,Crimson 
310158,Chaotic,Harmonized,3 ns/mc,0.9847220658145086,Crimson 
311658,Resonant,None,1 ns/mc,0.03954023850099064,Silver 
311877,Stable,None,3 ns/mc,-0.09369526689361929,Turquiose 
313244,Chaotic,None,3 ns/mc,-0.24101530961049145,Crimson 
313451,Chaotic,Harmonized,1 ns/mc,-0.40787518026317615,Crimson 
310493,Chaotic,Harmonized,1 ns/mc,-0.9178401642839162,Crimson 
311188,Fractured,None,3 ns/mc,-0.1941211902456499,Crimson 
313062,Coherent,None,2 ns/mc,-0.25274163060215415,Violet 
313016,Fractured,None,2 ns/mc,-0.04748372300712678,Crimson 
310596,Chaotic,None,3 ns/mc,0.9628279991960982,Crimson 
311119,Stable,None,1 ns/mc,0.5486414463218663,Silver 
312330,Resonant,None,3 ns/mc,-0.1477707974916167,Crimson 
312095,Stable,None,2 ns/mc,-0.9838801934060064,Silver 
313418,Coherent,Harmonized,2 ns/mc,0.5141397015877096,Crimson 
310880,Fractured,None,3 ns/mc,0.5735265775740988,Crimson 
312392,Resonant,None,2 ns/mc,0.12603735944248728,Violet 
310307,Fractured,None,1 ns/mc,-0.3002677294723568,Crimson 
310827,Stable,None,2 ns/mc,0.181175488962934,Crimson 
313544,Fractured,None,1 ns/mc,-0.5123192746286978,Crimson 
312335,Chaotic,Harmonized,3 ns/mc,-0.5132383765674646,Violet 
313006,Chaotic,Harmonized,2 ns/mc,-0.5960759317308277,Violet 
313401,Fractured,None,2 ns/mc,-0.751701178921687,Violet 
313677,Resonant,None,1 ns/mc,0.5541678498280003,Silver 
312881,Fractured,Harmonized,2 ns/mc,0.21054562549079403,Silver 
311440,Stable,None,3 ns/mc,-0.4552002560198196,Crimson 
311337,Resonant,None,1 ns/mc,0.5795651456683486,Crimson 
311837,Fractured,None,3 ns/mc,-0.9978758667835375,Crimson 
312379,Chaotic,None,3 ns/mc,-0.23110243236329953,Crimson 
313699,Coherent,Harmonized,1 ns/mc,-0.5070166792160464,Crimson 
311559,Chaotic,None,3 ns/mc,0.4932712557690362,Crimson 
310128,Resonant,Harmonized,1 ns/mc,0.3239522135649635,Violet 
312680,Fractured,None,2 ns/mc,-0.43101530876272687,Crimson 
310394,Fractured,None,1 ns/mc,-0.9591462591507405,Crimson 
313325,Chaotic,None,3 ns/mc,-0.43052324921944574,Violet 
311276,Stable,None,3 ns/mc,-0.048342941206492185,Silver 
313295,Resonant,None,2 ns/mc,0.4256533215080447,Silver 
313776,Fractured,None,2 ns/mc,-0.7471976499372823,White-Blue 
311675,Coherent,None,1 ns/mc,-0.959908474432799,Silver 
311864,Resonant,None,3 ns/mc,0.9232519084875279,Crimson 
313235,Stable,Harmonized,1 ns/mc,0.9501781441418973,Crimson 
310559,Coherent,None,2 ns/mc,-0.5053918804533803,Crimson 
311409,Fractured,None,3 ns/mc,0.7319968051218597,Crimson 
313438,Chaotic,None,2 ns/mc,0.27756707472114583,Crimson 
312042,Stable,None,1 ns/mc,-0.569316146272649,Silver 
310948,Chaotic,None,2 ns/mc,-0.24989030676218382,Silver 
311647,Stable,None,1 ns/mc,-0.017274186627453503,Silver 
311399,Fractured,None,2 ns/mc,-0.34289705899564193,Crimson 
311028,Chaotic,None,1 ns/mc,0.04412981938703053,Crimson 
312181,Fractured,None,1 ns/mc,0.7820134710932798,Crimson 
312539,Coherent,Harmonized,2 ns/mc,-0.7202136153677683,Crimson 
312446,Chaotic,None,3 ns/mc,0.6170800926225151,Turquiose 
310879,Resonant,Harmonized,2 ns/mc,0.8962341029217484,Crimson 
313568,Coherent,None,2 ns/mc,0.3717850680363437,Violet 
312065,Stable,None,2 ns/mc,-0.0717364461574963,Silver 
310116,Stable,Harmonized,2 ns/mc,-0.8411626462707424,Crimson 
311193,Stable,Harmonized,1 ns/mc,0.40729036088152437,Violet 
310471,Coherent,None,1 ns/mc,-0.23315507237032618,Crimson 
311324,Coherent,None,2 ns/mc,0.556815855138397,Crimson 
312218,Chaotic,None,1 ns/mc,-0.19515852336899697,Violet 
310844,Resonant,None,3 ns/mc,-0.9009187879394829,Silver 
313659,Chaotic,None,3 ns/mc,-0.5461520097834562,Crimson 
312490,Fractured,None,1 ns/mc,0.568878119544078,Silver 
313665,Resonant,None,2 ns/mc,0.6315435461352896,Violet 
312517,Stable,None,1 ns/mc,-0.44752096121331153,Crimson 
310070,Stable,None,2 ns/mc,-0.9410613870379629,White-Blue 
313669,Fractured,Harmonized,2 ns/mc,-0.45277734506346556,Silver 
311219,Fractured,None,1 ns/mc,0.8484660787095082,Crimson 
313751,Resonant,None,2 ns/mc,-0.3352886744143586,Crimson 
312024,Fractured,None,2 ns/mc,-0.7037865812208186,Crimson 
310118,Coherent,None,1 ns/mc,-0.6869209985544773,Crimson 
312824,Stable,None,2 ns/mc,0.922981625213011,Crimson 
312848,Fractured,None,1 ns/mc,0.8420848390505418,Silver 
312186,Fractured,None,1 ns/mc,0.3212912865787654,Violet 
313429,Resonant,None,2 ns/mc,0.7644373921165888,Crimson 
312651,Stable,None,3 ns/mc,0.09714530789897213,Crimson 
313534,Coherent,None,3 ns/mc,0.945036303212631,Crimson 
310700,Fractured,Harmonized,1 ns/mc,-0.37438081170430304,Crimson 
311367,Coherent,None,2 ns/mc,0.05591549057135059,Silver 
310297,Fractured,Harmonized,2 ns/mc,0.47896878863179637,Turquiose 
310032,Chaotic,None,3 ns/mc,0.9745749266674635,Turquiose 
312202,Coherent,None,2 ns/mc,-0.33333911059183086,Turquiose 
311429,Fractured,None,1 ns/mc,-0.8925443023166522,Crimson 
311759,Stable,None,2 ns/mc,0.32006870319731173,Crimson 
310905,Stable,None,2 ns/mc,0.8180299195332128,Crimson 
310762,Resonant,None,1 ns/mc,-0.6335569488046064,Crimson 
312710,Resonant,None,1 ns/mc,-0.4637248484918064,Crimson 
312232,Chaotic,None,3 ns/mc,-0.5868020668572496,Crimson 
313475,Stable,None,2 ns/mc,-0.6754685840214085,Crimson 
312280,Fractured,Harmonized,1 ns/mc,0.13925473881235106,Silver 
312452,Coherent,None,2 ns/mc,-0.6008546734654834,Crimson 
312685,Stable,Harmonized,3 ns/mc,-0.15935716687929546,Crimson 
310996,Chaotic,Harmonized,3 ns/mc,0.6531475829889213,Crimson 
312430,Stable,None,1 ns/mc,-0.06992756433396297,Silver 
312677,Chaotic,None,1 ns/mc,-0.41053291717521456,Silver 
313739,Fractured,None,2 ns/mc,-0.9625539197915784,Crimson 
311230,Resonant,None,3 ns/mc,0.4601883988976754,Crimson 
310812,Coherent,None,1 ns/mc,0.02895199049183672,Violet 
313366,Coherent,None,1 ns/mc,0.21063473328737503,Silver 
313490,Resonant,None,2 ns/mc,-0.9723613898503374,Violet 
311320,Fractured,None,3 ns/mc,-0.8569252629482924,Violet 
311594,Chaotic,None,3 ns/mc,-0.7493787000803951,Silver 
312462,Fractured,None,3 ns/mc,-0.2740540592706078,Crimson 
310425,Chaotic,None,2 ns/mc,-0.628494026206909,Violet 
311354,Chaotic,None,3 ns/mc,0.1956231685358365,Silver 
311562,Fractured,None,1 ns/mc,0.22021178948942022,Silver 
313115,Chaotic,None,2 ns/mc,0.8887907542235287,Violet 
312670,Stable,None,2 ns/mc,0.8551369560619293,Turquiose 
313081,Stable,None,2 ns/mc,0.28380470657156986,Crimson 
311162,Coherent,Harmonized,3 ns/mc,0.05758171374818999,Crimson 
311733,Stable,None,2 ns/mc,-0.8255399081681094,Crimson 
312301,Fractured,Harmonized,1 ns/mc,-0.5270318791290844,Silver 
312689,Fractured,None,2 ns/mc,0.9788356621883751,Crimson 
311808,Chaotic,None,1 ns/mc,0.12611705409909124,Crimson 
311130,Coherent,None,2 ns/mc,-0.3904199172050973,Silver 
311501,Resonant,None,3 ns/mc,-0.49681891108068843,Crimson 
310690,Coherent,None,3 ns/mc,-0.24724299487721701,Crimson 
312107,Coherent,None,2 ns/mc,-0.7458249916933826,Silver 
310271,Chaotic,Harmonized,2 ns/mc,0.6442455597001464,Crimson 
313275,Stable,None,1 ns/mc,-0.6505058370514909,Crimson 
312660,Fractured,None,3 ns/mc,-0.06972495314444305,Silver 
310753,Coherent,None,2 ns/mc,-0.8177647141038269,Violet 
312387,Coherent,None,3 ns/mc,-0.3040965685425616,Violet 
313608,Chaotic,None,2 ns/mc,-0.8311506275009415,Crimson 
312266,Fractured,None,2 ns/mc,-0.7997111308761031,Crimson 
310560,Fractured,None,1 ns/mc,0.9805696905984038,Silver 
310740,Chaotic,Harmonized,1 ns/mc,-0.2438127131286889,Crimson 
311038,Coherent,None,3 ns/mc,0.17537081712436087,Crimson 
311777,Chaotic,None,3 ns/mc,0.9072370895597206,Crimson 
311947,Chaotic,None,3 ns/mc,-0.3995136842413014,Crimson 
313536,Chaotic,None,3 ns/mc,-0.1270566338036867,Crimson 
312180,Coherent,None,1 ns/mc,-0.40161918997326373,Crimson 
312195,Fractured,None,2 ns/mc,-0.4499747540277139,Silver 
313519,Resonant,None,1 ns/mc,0.07196738409081083,Crimson 
313369,Resonant,None,1 ns/mc,-0.6010960446887659,Crimson 
311814,Stable,None,2 ns/mc,0.27350293717783347,Crimson 
311560,Resonant,None,3 ns/mc,0.8480764378655821,Crimson 
312538,Fractured,None,2 ns/mc,0.11105532395051454,Crimson 
312228,Fractured,None,2 ns/mc,-0.22868523105046923,Silver 
313591,Resonant,None,2 ns/mc,-0.11535842033260524,Crimson 
312303,Resonant,None,2 ns/mc,-0.5234983128090158,Crimson 
313224,Fractured,None,2 ns/mc,0.2259527166653943,Silver 
311053,Stable,None,3 ns/mc,-0.6422147029530738,Crimson 
313731,Coherent,None,2 ns/mc,0.22473972460872704,Crimson 
312593,Chaotic,Harmonized,3 ns/mc,0.10272758274457217,Crimson 
312465,Chaotic,None,3 ns/mc,-0.18190495415203767,Crimson 
312996,Chaotic,None,3 ns/mc,-0.3852739648775467,Crimson 
310277,Chaotic,None,1 ns/mc,-0.29279185369022365,Crimson 
312812,Stable,Harmonized,1 ns/mc,-0.8269025051877772,Silver 
312512,Coherent,Harmonized,2 ns/mc,0.5680546739428771,Crimson 
313790,Coherent,None,3 ns/mc,0.8076167782271226,Silver 
313397,Fractured,None,2 ns/mc,0.9017624274127174,Crimson 
310834,Chaotic,None,1 ns/mc,-0.001042861849438692,Silver 
312952,Resonant,None,1 ns/mc,-0.3964598956507632,Crimson 
310232,Stable,None,3 ns/mc,0.4417230692866836,Crimson 
312075,Chaotic,None,1 ns/mc,-0.010353016271406945,Crimson 
312047,Chaotic,None,3 ns/mc,-0.5192832871166326,Silver 
311389,Fractured,None,1 ns/mc,0.11816282985181203,Crimson 
311925,Chaotic,None,3 ns/mc,0.829143489691847,Crimson 
313620,Stable,Harmonized,1 ns/mc,-0.5346084225018786,Crimson 
312188,Resonant,Harmonized,1 ns/mc,0.5201702938374293,Violet 
311564,Coherent,None,1 ns/mc,0.3000940180843199,Silver 
310164,Chaotic,None,2 ns/mc,8.494853293905535E-4,Violet 
311931,Fractured,None,3 ns/mc,0.412333817074517,Violet 
313777,Fractured,None,2 ns/mc,0.4734316171535191,Violet 
310490,Stable,None,1 ns/mc,0.13963201813686243,Crimson 
311998,Coherent,None,2 ns/mc,-0.5368311105037185,Crimson 
313126,Chaotic,None,3 ns/mc,-0.1284667310346379,Crimson 
312814,Fractured,None,2 ns/mc,-0.3343242324105524,White-Blue 
312224,Chaotic,None,2 ns/mc,-0.2972643133184054,Crimson 
313110,Fractured,None,3 ns/mc,-0.6015446146208927,White-Blue 
311816,Fractured,None,3 ns/mc,-0.8087459343654406,Silver 
311027,Fractured,None,1 ns/mc,-0.12086848436285291,Silver 
313564,Chaotic,None,1 ns/mc,0.8005275803485554,Crimson 
313726,Coherent,None,2 ns/mc,-0.26480466179000683,Crimson 
312888,Fractured,None,3 ns/mc,0.5301218646017345,Crimson 
312423,Chaotic,None,2 ns/mc,-0.4926948601484158,Silver 
311868,Coherent,Harmonized,2 ns/mc,0.2851990883022315,Silver 
310892,Fractured,None,1 ns/mc,0.26859428523434015,Crimson 
312959,Chaotic,None,1 ns/mc,-0.12413410702045491,Crimson 
313019,Chaotic,None,2 ns/mc,0.3455547757769719,Violet 
310612,Coherent,None,3 ns/mc,-0.8465421129995159,Crimson 
310243,Stable,None,1 ns/mc,-0.22047803086201156,Crimson 
312585,Chaotic,None,1 ns/mc,0.0790543465623117,Crimson 
312665,Resonant,None,1 ns/mc,-0.7119004912925142,Crimson 
313129,Coherent,Harmonized,1 ns/mc,-0.32851799601313125,Crimson 
312403,Chaotic,None,1 ns/mc,0.4483568284805961,Violet 
312799,Resonant,None,3 ns/mc,-0.4818230906754779,Crimson 
310092,Fractured,None,2 ns/mc,-0.5948957180491723,Crimson 
313755,Resonant,None,3 ns/mc,0.07614815924974039,Crimson 
312673,Resonant,None,3 ns/mc,-0.6683011426834151,Crimson 
310992,Stable,Harmonized,2 ns/mc,-0.0358426255845643,Crimson 
311793,Fractured,Harmonized,1 ns/mc,-0.9920485820936722,Crimson 
311171,Resonant,None,1 ns/mc,-0.6063632211266252,Crimson 
310601,Coherent,None,1 ns/mc,0.8164201302271177,Crimson 
312641,Chaotic,None,2 ns/mc,0.5061467341102035,Crimson 
310615,Coherent,None,3 ns/mc,0.5279107476983556,Crimson 
311258,Fractured,None,2 ns/mc,-0.04861775026725157,Crimson 
312738,Resonant,None,2 ns/mc,0.23963805037762698,Violet 
313770,Coherent,None,3 ns/mc,-0.3961036939802778,Turquiose 
311843,Stable,None,1 ns/mc,0.09365918391651484,Silver 
313371,Coherent,None,1 ns/mc,0.034841957527598666,Crimson 
311248,Resonant,Harmonized,2 ns/mc,-0.38467997202028004,Crimson 
310600,Coherent,None,2 ns/mc,0.4417074550286666,Turquiose 
310195,Coherent,None,1 ns/mc,0.8418006157199429,White-Blue 
313181,Fractured,None,3 ns/mc,0.16830558074279667,Crimson 
311771,Fractured,None,3 ns/mc,-0.4944235639846275,Violet 
313559,Resonant,None,1 ns/mc,-0.34544911356083774,Crimson 
310806,Stable,Harmonized,2 ns/mc,0.9532967031317223,Crimson 
312170,Stable,None,3 ns/mc,-0.7043075306907396,Silver 
312752,Resonant,None,2 ns/mc,0.8635093348751555,Crimson 
310680,Chaotic,None,2 ns/mc,0.93250562716343,Violet 
312924,Coherent,None,2 ns/mc,-0.5389142606570039,White-Blue 
310586,Fractured,None,2 ns/mc,-0.7416088122701341,Silver 
310981,Fractured,None,2 ns/mc,0.9563808760980224,Crimson 
311419,Chaotic,None,1 ns/mc,-0.27957261608769257,Turquiose 
310398,Chaotic,Harmonized,1 ns/mc,0.8822036399872031,Crimson 
310768,Coherent,None,2 ns/mc,-0.3022160232227691,Crimson 
310074,Resonant,Harmonized,1 ns/mc,0.020268268077499485,Crimson 
311154,Coherent,None,2 ns/mc,0.3539479608588101,Crimson 
311059,Resonant,None,3 ns/mc,-0.533477418272293,Crimson 
310075,Coherent,Harmonized,3 ns/mc,0.7386890510827708,Silver 
312011,Fractured,None,3 ns/mc,0.47744829166195046,Crimson 
312936,Resonant,Harmonized,2 ns/mc,-0.7469260577096322,Crimson 
310474,Coherent,Harmonized,1 ns/mc,-0.5429087349799533,Violet 
313159,Coherent,None,2 ns/mc,-0.2988427810493468,Crimson 
310444,Resonant,None,1 ns/mc,-0.9812060988221505,Crimson 
313337,Coherent,None,3 ns/mc,-0.40439332227475444,Crimson 
313282,Fractured,None,1 ns/mc,-0.8338098846782274,White-Blue 
310042,Resonant,None,1 ns/mc,-0.8564859985055489,Silver 
312808,Coherent,None,1 ns/mc,0.27356316144392534,Silver 
310292,Fractured,None,3 ns/mc,0.8557107092854515,Crimson 
312937,Fractured,Harmonized,2 ns/mc,-0.048767158608635786,Violet 
312592,Resonant,None,2 ns/mc,-0.09215323032578082,Crimson 
311136,Fractured,None,3 ns/mc,-0.5378552959575507,Crimson 
313569,Resonant,None,1 ns/mc,-0.4838484058702983,Silver 
313108,Fractured,None,2 ns/mc,0.6984284479041694,Silver 
312884,Resonant,Harmonized,3 ns/mc,-0.08496757531542243,Crimson 
311274,Stable,None,2 ns/mc,-0.1550206357748305,Silver 
312040,Resonant,None,1 ns/mc,-0.5552501636594858,Crimson 
312625,Coherent,None,2 ns/mc,0.24365933984034482,Crimson 
310190,Stable,None,1 ns/mc,0.4322497562962404,Silver 
311256,Fractured,None,2 ns/mc,-0.515380896514521,Crimson 
310755,Resonant,None,1 ns/mc,0.5887511281484656,Crimson 
310951,Chaotic,Harmonized,1 ns/mc,-0.22630396924113327,Crimson 
310530,Stable,None,1 ns/mc,-0.6353798755875664,Crimson 
312241,Fractured,None,3 ns/mc,0.8485673306319717,Crimson 
310459,Coherent,Harmonized,3 ns/mc,0.7188857130093935,Silver 
312136,Coherent,None,3 ns/mc,-0.13735759762846445,Violet 
313509,Chaotic,None,3 ns/mc,-0.8701135570684078,Crimson 
313374,Stable,None,2 ns/mc,0.9177588389577851,Crimson 
313289,Fractured,None,2 ns/mc,-0.08902522188505868,Crimson 
312816,Resonant,None,3 ns/mc,-0.10788216056736077,Crimson 
312058,Resonant,Harmonized,1 ns/mc,-0.5437755028783275,Turquiose 
312139,Resonant,None,1 ns/mc,0.6420381271875493,Silver 
312385,Stable,Harmonized,2 ns/mc,-0.15762838040953264,Crimson 
312729,Stable,None,1 ns/mc,0.16672593228925248,Crimson 
310338,Stable,None,1 ns/mc,-0.17491729385346444,Silver 
312602,Stable,None,1 ns/mc,0.13252683201328108,Crimson 
310359,Resonant,None,2 ns/mc,-0.6995076333451291,Crimson 
312061,Chaotic,None,3 ns/mc,-0.4788567881022652,Silver 
310588,Chaotic,None,2 ns/mc,-0.5269669609685153,White-Blue 
311943,Resonant,None,2 ns/mc,-0.9259240549109344,Crimson 
311737,Resonant,None,3 ns/mc,0.999685473507842,Crimson 
312111,Fractured,None,2 ns/mc,0.0515241300845688,Crimson 
312253,Resonant,None,3 ns/mc,0.1985617028700073,Silver 
310201,Coherent,None,2 ns/mc,-0.8015541525198395,Silver 
313684,Coherent,None,1 ns/mc,0.9119405339155393,Crimson 
313239,Stable,None,1 ns/mc,0.7846010995703487,Silver 
310488,Resonant,None,3 ns/mc,0.05466629746181617,Silver 
313387,Stable,None,1 ns/mc,-0.8618735293810371,Violet 
310966,Coherent,None,3 ns/mc,-0.632677192682277,Silver 
312627,Coherent,None,3 ns/mc,-0.6670632675606656,Crimson 
312876,Fractured,None,1 ns/mc,0.7254389081654873,Crimson 
310387,Coherent,None,2 ns/mc,-0.1949884549475942,Crimson 
313319,Coherent,Harmonized,3 ns/mc,-0.7043752787317712,Silver 
312349,Chaotic,None,1 ns/mc,-0.23008590015905273,Crimson 
312858,Fractured,None,2 ns/mc,0.6753632785980781,Crimson 
310193,Coherent,None,2 ns/mc,0.2904286502478579,Silver 
312614,Stable,None,3 ns/mc,0.1508153732399844,Crimson 
312450,Chaotic,None,2 ns/mc,0.6959643251461589,Violet 
313762,Coherent,None,3 ns/mc,0.682090469264107,Silver 
313735,Chaotic,None,3 ns/mc,0.1731419510493133,Silver 
313703,Resonant,None,2 ns/mc,-0.4555454789850064,Crimson 
312986,Resonant,None,2 ns/mc,0.6349061714030426,White-Blue 
311502,Resonant,Harmonized,1 ns/mc,-0.9462931267715009,Crimson 
312988,Fractured,None,1 ns/mc,0.7780422407963576,Crimson 
310173,Chaotic,None,1 ns/mc,0.4863927315443286,Crimson 
311254,Resonant,None,2 ns/mc,-0.6272715029065199,Crimson 
313033,Coherent,Harmonized,1 ns/mc,0.7112268387215259,Crimson 
313201,Stable,None,1 ns/mc,-0.20840689493712605,Crimson 
313741,Stable,None,2 ns/mc,0.6832630915948774,Crimson 
311404,Coherent,Harmonized,1 ns/mc,-0.5211937019435331,Turquiose 
311425,Resonant,None,3 ns/mc,-0.10995550198762305,Crimson 
312552,Chaotic,Harmonized,3 ns/mc,-0.8131451654582404,Violet 
310375,Chaotic,Harmonized,3 ns/mc,0.6743607389926054,Crimson 
312911,Fractured,None,2 ns/mc,-0.7178289833816955,Silver 
311415,Stable,None,3 ns/mc,-0.35865735291375334,Crimson 
312493,Chaotic,None,3 ns/mc,-0.32838599415726555,Crimson 
312995,Stable,None,3 ns/mc,0.07638582326074284,Silver 
313448,Stable,None,3 ns/mc,-0.45336807088399533,Crimson 
311218,Coherent,Harmonized,1 ns/mc,0.9292722348108047,Crimson 
312439,Chaotic,None,2 ns/mc,0.23303939273413365,Silver 
310392,Stable,None,3 ns/mc,0.23083743146558078,White-Blue 
310687,Resonant,None,1 ns/mc,-0.13939000838267446,White-Blue 
312405,Fractured,None,2 ns/mc,-0.2812630595933261,Crimson 
310300,Stable,None,2 ns/mc,-0.17791162043997621,Crimson 
311944,Fractured,None,2 ns/mc,0.9483367782252365,Turquiose 
313459,Fractured,None,1 ns/mc,0.42159554719094317,Crimson 
311764,Coherent,None,1 ns/mc,0.8117479277987552,Violet 
310089,Stable,None,2 ns/mc,-0.7607584533481415,Crimson 
312344,Resonant,None,3 ns/mc,0.9921768580490824,Crimson 
311726,Coherent,None,1 ns/mc,-0.16178867847029088,Crimson 
310933,Stable,None,1 ns/mc,0.640011959178578,Crimson 
312360,Resonant,None,2 ns/mc,0.801716920421983,Crimson 
313063,Coherent,None,2 ns/mc,-0.21697626151708094,Crimson 
312151,Coherent,None,2 ns/mc,-0.21075256605789572,White-Blue 
311450,Chaotic,None,3 ns/mc,-0.9953178864607943,Crimson 
311552,Resonant,None,3 ns/mc,0.054144528728424124,Silver 
312570,Coherent,None,2 ns/mc,-0.05584650123107271,Silver 
310727,Coherent,None,1 ns/mc,-0.3646302374827377,Crimson 
313290,Resonant,None,1 ns/mc,0.5267460091701597,Turquiose 
313255,Chaotic,None,2 ns/mc,0.4007852858872474,Crimson 
312030,Stable,None,1 ns/mc,-0.40464366538209906,Silver 
310624,Fractured,None,1 ns/mc,0.23247513921388596,Crimson 
312840,Chaotic,None,3 ns/mc,-0.19218359460581658,Crimson 
311362,Fractured,None,1 ns/mc,-0.7114087019474966,Crimson 
311957,Stable,Harmonized,2 ns/mc,0.2489401047551989,Crimson 
311437,Stable,None,3 ns/mc,0.9383651667806765,Silver 
310322,Chaotic,None,2 ns/mc,-0.06698620629971352,Crimson 
312133,Coherent,None,1 ns/mc,0.7951548697018151,Crimson 
310378,Chaotic,None,1 ns/mc,-0.853254508422171,Crimson 
312497,Coherent,None,2 ns/mc,-0.450817565239114,Crimson 
311874,Fractured,None,2 ns/mc,-0.057383353489713684,Violet 
311342,Resonant,None,2 ns/mc,-0.483766132130228,Turquiose 
311295,Fractured,None,2 ns/mc,0.9630866157833973,Crimson 
311623,Fractured,None,2 ns/mc,-0.9610294426839268,Crimson 
312633,Fractured,None,2 ns/mc,-0.8092534275302268,Crimson 
312365,Coherent,None,2 ns/mc,0.06462706908844895,Crimson 
313681,Coherent,None,1 ns/mc,0.16956471518507765,Silver 
311436,Coherent,None,1 ns/mc,0.16020766259424635,Crimson 
312809,Fractured,None,1 ns/mc,-0.6304163584266862,Crimson 
310480,Coherent,Harmonized,2 ns/mc,-0.5008465367349024,Silver 
313301,Fractured,None,3 ns/mc,0.3673033521775866,Crimson 
310614,Chaotic,None,2 ns/mc,-0.16291084174779047,Violet 
312006,Stable,None,1 ns/mc,-0.3218268772610393,Silver 
313483,Fractured,None,2 ns/mc,0.20177795149759303,Crimson 
312810,Chaotic,Harmonized,2 ns/mc,-0.9656197083231357,Crimson 
311286,Fractured,None,1 ns/mc,0.5019324599112582,Crimson 
311385,Resonant,Harmonized,2 ns/mc,0.521520990268203,Crimson 
310702,Chaotic,None,3 ns/mc,0.8845079594607199,Violet 
313002,Coherent,Harmonized,1 ns/mc,-0.41062087040919315,Silver 
310114,Chaotic,None,3 ns/mc,0.5456474120166372,Crimson 
311374,Fractured,None,3 ns/mc,0.28426489882865735,Crimson 
311710,Chaotic,None,3 ns/mc,-0.9189736149351724,Violet 
310646,Chaotic,None,3 ns/mc,0.36126643424117355,Silver 
312271,Coherent,None,3 ns/mc,-0.5467398377777963,Crimson 
311964,Coherent,None,2 ns/mc,-0.5374286189108779,Turquiose 
310240,Coherent,None,2 ns/mc,-0.5085545259635347,Violet 
312353,Stable,None,1 ns/mc,0.31175752174814564,Crimson 
312491,Stable,Harmonized,3 ns/mc,-0.2849106107846786,Crimson 
312758,Chaotic,None,1 ns/mc,0.0548059659301261,Crimson 
310851,Resonant,None,3 ns/mc,0.4550981431433634,Silver 
312852,Chaotic,Harmonized,2 ns/mc,-0.5582728160106993,Violet 
312020,Fractured,None,2 ns/mc,-0.2228072786397266,Crimson 
313300,Stable,None,1 ns/mc,0.9064833672846815,White-Blue 
311222,Stable,None,1 ns/mc,0.715370306532134,Crimson 
312402,Coherent,None,3 ns/mc,-0.3998581252695552,Turquiose 
312338,Coherent,Harmonized,1 ns/mc,-0.26416467314251446,Silver 
310672,Coherent,None,1 ns/mc,-0.03698678497386876,Silver 
312521,Stable,None,2 ns/mc,0.25260340973231465,Silver 
311112,Coherent,None,1 ns/mc,0.9641674182213287,Crimson 
312192,Coherent,None,3 ns/mc,-0.576626485858351,Crimson 
312743,Resonant,None,2 ns/mc,0.062447388608295906,Crimson 
313606,Coherent,Harmonized,1 ns/mc,-0.5271361338531231,Crimson 
313796,Coherent,None,3 ns/mc,0.2647172757776943,Crimson 
312561,Chaotic,None,2 ns/mc,0.9658586023330287,Silver 
310683,Chaotic,Harmonized,1 ns/mc,0.6828112960323962,Turquiose 
310186,Fractured,None,3 ns/mc,-0.3002755482569852,Crimson 
312699,Chaotic,None,2 ns/mc,-0.19912183665852257,Crimson 
312091,Stable,None,3 ns/mc,0.5835919658125734,Crimson 
313085,Chaotic,None,1 ns/mc,-0.5676837472901013,Crimson 
311634,Resonant,None,3 ns/mc,-0.9886284441026765,Violet 
310693,Fractured,None,1 ns/mc,0.4430658996961059,Crimson 
310350,Resonant,None,1 ns/mc,0.0849339468522119,Violet 
313251,Chaotic,None,1 ns/mc,-0.6832831383309275,Crimson 
312675,Coherent,None,1 ns/mc,-0.9774998915864792,Silver 
313500,Resonant,None,3 ns/mc,-0.8890928141397658,Silver 
312837,Stable,None,1 ns/mc,-0.6121561615341014,Crimson 
313609,Fractured,None,2 ns/mc,0.7272890977042104,Crimson 
311827,Chaotic,None,3 ns/mc,-0.8915502094042644,Silver 
310541,Coherent,None,1 ns/mc,0.007243554127276619,Crimson 
312486,Chaotic,None,2 ns/mc,-0.7181839069681966,Silver 
312451,Coherent,None,2 ns/mc,-0.593603901414794,Crimson 
313060,Stable,Harmonized,2 ns/mc,-0.36418333341190845,Crimson 
312811,Coherent,None,2 ns/mc,0.5582190724857974,Crimson 
313545,Chaotic,None,1 ns/mc,0.6631698354387243,Crimson 
311542,Fractured,None,3 ns/mc,0.89496288236492,Crimson 
311001,Fractured,None,3 ns/mc,-0.34521546829668304,Silver 
311046,Coherent,None,2 ns/mc,-0.1157798730622277,Crimson 
311833,Fractured,None,1 ns/mc,-0.8326524640384285,Crimson 
311358,Chaotic,Harmonized,2 ns/mc,-0.29799154936224337,Silver 
311468,Resonant,None,1 ns/mc,0.30281401551992526,Crimson 
311671,Coherent,Harmonized,1 ns/mc,0.3885647280990865,Turquiose 
311306,Stable,None,2 ns/mc,0.8538847087890948,Crimson 
310055,Stable,None,2 ns/mc,-0.7099347157542311,White-Blue 
311526,Stable,None,3 ns/mc,0.5889376395337802,Crimson 
313272,Resonant,None,1 ns/mc,0.6905044915549003,Crimson 
312277,Fractured,None,2 ns/mc,0.4036917178142896,Crimson 
313487,Resonant,None,1 ns/mc,0.9972624817825797,Crimson 
313589,Coherent,None,1 ns/mc,0.3229802648651787,Crimson 
311927,Coherent,None,3 ns/mc,-0.5061977205655437,Violet 
310573,Coherent,None,1 ns/mc,0.324787733872719,Crimson 
310918,Fractured,None,1 ns/mc,0.0647032573799109,Violet 
311298,Chaotic,None,1 ns/mc,-0.32669854100518925,Crimson 
311735,Fractured,None,1 ns/mc,0.030558267406680883,Crimson 
311929,Stable,None,2 ns/mc,0.004577877320527168,Violet 
311659,Stable,None,1 ns/mc,0.24619713990291947,White-Blue 
310412,Fractured,None,2 ns/mc,0.4066262928617994,Silver 
313073,Fractured,None,2 ns/mc,-0.14611393194672706,Silver 
313389,Chaotic,None,3 ns/mc,0.5665440892475961,Crimson 
312396,Resonant,Harmonized,1 ns/mc,0.5630725113767041,Crimson 
312830,Coherent,None,1 ns/mc,0.253850245199311,Crimson 
312250,Coherent,None,2 ns/mc,0.05379067971755691,White-Blue 
313040,Fractured,None,3 ns/mc,-0.6805227781260637,Crimson 
313528,Fractured,Harmonized,2 ns/mc,0.0570282757825149,Crimson 
313424,Chaotic,None,3 ns/mc,0.6511476664479146,Crimson 
313105,Chaotic,None,1 ns/mc,-0.4205192883235418,Crimson 
311422,Resonant,None,2 ns/mc,0.6184286664636398,White-Blue 
310176,Fractured,None,3 ns/mc,0.3205243375898972,Crimson 
310035,Chaotic,None,2 ns/mc,-0.667857023009097,Crimson 
311607,Coherent,Harmonized,1 ns/mc,0.33808299724363167,Silver 
310184,Chaotic,None,3 ns/mc,0.4080332311581496,Violet 
311294,Stable,None,2 ns/mc,0.44893850615413466,Crimson 
313342,Chaotic,None,1 ns/mc,0.8937999866223647,Crimson 
311432,Coherent,Harmonized,1 ns/mc,-0.4679785467880855,Crimson 
313266,Chaotic,None,1 ns/mc,0.7249351061358822,Silver 
312443,Fractured,None,1 ns/mc,0.9401875956607935,Turquiose 
310145,Stable,None,3 ns/mc,0.3614461410894181,Crimson 
311234,Coherent,None,2 ns/mc,0.8728641594254245,Crimson 
311930,Chaotic,None,2 ns/mc,-0.8622482979644672,Crimson 
310039,Coherent,Harmonized,2 ns/mc,0.6501915508910789,Violet 
311955,Coherent,None,2 ns/mc,0.5307680496486769,Violet 
311854,Fractured,None,2 ns/mc,-0.41002746168722903,Crimson 
313602,Chaotic,None,2 ns/mc,0.814909529509037,Crimson 
310175,Stable,None,2 ns/mc,0.7482461608210147,Crimson 
310355,Coherent,Harmonized,1 ns/mc,0.5071994501849921,Crimson 
310648,Fractured,None,2 ns/mc,-0.41118581676561994,Violet 
313280,Coherent,None,1 ns/mc,0.04913199999115525,Silver 
310787,Resonant,None,3 ns/mc,0.43057340859582816,Silver 
313209,Coherent,None,1 ns/mc,-0.05578620399939127,Crimson 
312283,Chaotic,None,1 ns/mc,0.06992655873216491,Crimson 
310985,Coherent,None,1 ns/mc,0.003677899287511721,Crimson 
311411,Coherent,None,1 ns/mc,0.9567255849781988,Silver 
310781,Fractured,Harmonized,2 ns/mc,0.15671906062053242,Crimson 
310629,Resonant,Harmonized,1 ns/mc,0.6969976900069867,Silver 
311687,Fractured,None,1 ns/mc,-0.68556093825376,Turquiose 
310891,Stable,None,1 ns/mc,0.5891006436913353,Silver 
310721,Stable,None,3 ns/mc,0.10653280504019658,Silver 
311800,Chaotic,None,2 ns/mc,0.6307858522669807,Turquiose 
312015,Fractured,None,3 ns/mc,0.2703689935991256,Silver 
310677,Resonant,None,2 ns/mc,0.9401411965332185,White-Blue 
310335,Resonant,None,2 ns/mc,0.6910631138845307,Violet 
310368,Chaotic,None,2 ns/mc,-0.14005379255686545,Silver 
313625,Coherent,None,1 ns/mc,-0.30094226771748533,Silver 
311680,Stable,None,1 ns/mc,-0.11601886856794996,Silver 
313505,Chaotic,None,2 ns/mc,0.7927227506089041,Violet 
310971,Chaotic,None,3 ns/mc,0.6496047120962243,Violet 
312779,Stable,None,1 ns/mc,0.9702557525872306,Silver 
312528,Coherent,None,2 ns/mc,-0.01817656154229952,Silver 
310823,Coherent,None,2 ns/mc,0.9455744976343852,Crimson 
313756,Fractured,None,3 ns/mc,0.27576765375706325,Crimson 
310062,Resonant,None,2 ns/mc,-0.5558117814566417,Crimson 
311831,Resonant,None,2 ns/mc,-0.05767975903536193,Crimson 
311461,Stable,Harmonized,1 ns/mc,0.6996113755363769,White-Blue 
313098,Fractured,None,2 ns/mc,0.7976689384402449,Crimson 
311828,Fractured,None,2 ns/mc,0.8690844609902768,Silver 
313133,Chaotic,None,2 ns/mc,-0.6875824398236616,Crimson 
310272,Coherent,None,1 ns/mc,0.6243579654070219,Crimson 
310775,Coherent,None,2 ns/mc,-0.9146830226222464,Crimson 
312842,Coherent,None,1 ns/mc,-0.007600556833368133,Violet 
311568,Coherent,None,3 ns/mc,-0.7829356707684307,Crimson 
313206,Resonant,None,3 ns/mc,-0.10761590949921884,Crimson 
310909,Chaotic,None,1 ns/mc,0.5484945783542501,Crimson 
312693,Fractured,None,1 ns/mc,-0.5739640473459173,Crimson 
310056,Resonant,None,2 ns/mc,0.10361830813336925,Crimson 
312756,Fractured,Harmonized,1 ns/mc,0.15056081635676666,Crimson 
312726,Fractured,Harmonized,2 ns/mc,-0.1685247705996844,Crimson 
310084,Coherent,Harmonized,1 ns/mc,0.22043088263924515,Crimson 
313152,Resonant,None,3 ns/mc,0.8112167867003031,Violet 
310142,Fractured,None,3 ns/mc,0.6146261806076971,Crimson 
311169,Chaotic,None,1 ns/mc,0.3235513641463337,Crimson 
312055,Chaotic,None,1 ns/mc,-0.11693940582018225,Crimson 
312674,Fractured,None,1 ns/mc,-0.007028151985910114,Turquiose 
312093,Coherent,Harmonized,3 ns/mc,-0.9171446824123552,Crimson 
312206,Fractured,None,1 ns/mc,0.8976998736223187,Crimson 
311748,Chaotic,None,2 ns/mc,0.7315394548550129,Crimson 
312880,Coherent,None,1 ns/mc,0.3580748852700737,White-Blue 
313673,Fractured,None,3 ns/mc,-0.4737024457277519,Violet 
313359,Fractured,Harmonized,3 ns/mc,-0.38797502439030285,Crimson 
311113,Chaotic,None,1 ns/mc,-0.6333900973740589,Violet 
310308,Coherent,Harmonized,1 ns/mc,0.7917264424287604,Crimson 
311975,Coherent,None,3 ns/mc,-0.2883795664910671,Crimson 
310790,Chaotic,None,2 ns/mc,-0.10739518465775855,Silver 
310188,Fractured,None,3 ns/mc,-0.6542489945250536,Silver 
311078,Coherent,None,1 ns/mc,0.43705266328955616,Crimson 
313027,Resonant,None,1 ns/mc,-0.5601529811807171,Violet 
310830,Chaotic,None,1 ns/mc,-0.054891676303568504,Crimson 
313585,Coherent,None,3 ns/mc,0.24545480106683626,Turquiose 
312718,Coherent,None,2 ns/mc,-0.5165236907495225,Turquiose 
313261,Stable,Harmonized,3 ns/mc,-0.35556586500225507,Violet 
313185,Coherent,None,2 ns/mc,-0.016361542658594574,Crimson 
312425,Resonant,None,3 ns/mc,-0.8331556812702694,Crimson 
313454,Resonant,None,3 ns/mc,-0.4883083791844607,Silver 
313168,Stable,None,3 ns/mc,0.6161603486634608,Crimson 
313270,Stable,None,3 ns/mc,-0.9475551592384697,Crimson 
311198,Stable,None,3 ns/mc,0.3233602586437616,Crimson 
310455,Resonant,None,2 ns/mc,-0.27655719990984573,Crimson 
312535,Stable,None,1 ns/mc,-0.5207031307269807,Crimson 
310166,Chaotic,None,3 ns/mc,-0.30631653369538303,Crimson 
311446,Stable,None,3 ns/mc,-1.2178197329859586E-4,Crimson 
310410,Stable,None,2 ns/mc,0.26558612171392415,Crimson 
311394,Chaotic,Harmonized,2 ns/mc,-0.837430418310589,Turquiose 
312123,Stable,None,2 ns/mc,0.9707996212875962,Crimson 
312927,Stable,None,3 ns/mc,-0.6887420915204168,Crimson 
311721,Fractured,None,3 ns/mc,0.2867300561446009,Silver 
310585,Chaotic,None,2 ns/mc,0.3433939460716995,Crimson 
312982,Resonant,Harmonized,2 ns/mc,-0.8339322099442468,Crimson 
311960,Coherent,Harmonized,2 ns/mc,-0.31717105593814643,Silver 
310780,Fractured,None,3 ns/mc,-0.4784861417194737,Crimson 
311312,Fractured,None,2 ns/mc,-0.38934193224221625,Crimson 
310316,Chaotic,Harmonized,3 ns/mc,-0.05482506689961908,Crimson 
313264,Fractured,None,3 ns/mc,0.969330754967701,Crimson 
310038,Stable,None,3 ns/mc,-0.8077580249766412,Crimson 
310888,Coherent,Harmonized,3 ns/mc,0.4356726216213054,Silver 
313692,Fractured,None,3 ns/mc,-0.18300330624402616,Silver 
312238,Coherent,Harmonized,2 ns/mc,0.3413998595422354,Silver 
313223,Stable,None,3 ns/mc,-0.850677639332357,Crimson 
310236,Chaotic,None,1 ns/mc,-0.1148440156437418,Crimson 
313218,Fractured,Harmonized,3 ns/mc,-0.8408092420703082,Silver 
313248,Chaotic,None,2 ns/mc,0.16693018090602907,Crimson 
311790,Fractured,None,1 ns/mc,0.9873594014856835,Crimson 
311214,Resonant,None,1 ns/mc,0.3503380777782086,Crimson 
313767,Coherent,Harmonized,2 ns/mc,-0.5973471126394916,Crimson 
313070,Fractured,None,3 ns/mc,-0.34883275474280473,Violet 
311063,Coherent,None,2 ns/mc,-0.043594012215322886,Silver 
311279,Stable,None,1 ns/mc,0.13296694055568858,White-Blue 
312664,Resonant,Harmonized,2 ns/mc,-0.9189025479740902,Silver 
312177,Chaotic,None,1 ns/mc,0.0508899180605642,Crimson 
312100,Fractured,None,1 ns/mc,0.045645538551071896,Violet 
311375,Fractured,None,2 ns/mc,0.838036047274795,Crimson 
313227,Stable,None,3 ns/mc,-0.49170093840596363,White-Blue 
313652,Fractured,None,3 ns/mc,0.8795806494988174,Violet 
311102,Coherent,None,2 ns/mc,0.3920440469274393,Crimson 
312129,Coherent,None,3 ns/mc,-0.6586767451870277,Silver 
313023,Coherent,None,3 ns/mc,-0.4800521184861597,Crimson 
312210,Resonant,None,2 ns/mc,0.8375618383316257,Crimson 
312043,Resonant,Harmonized,1 ns/mc,0.7325645620448076,Crimson 
313629,Coherent,None,2 ns/mc,0.7375330190177007,Turquiose 
312649,Resonant,None,3 ns/mc,-0.4261859963674062,Crimson 
311129,Stable,None,3 ns/mc,0.35826880743359135,Crimson 
313383,Resonant,None,2 ns/mc,0.5656100190600548,White-Blue 
313237,Stable,None,2 ns/mc,-0.925489686641656,Silver 
311717,Fractured,None,1 ns/mc,0.5569796999927297,White-Blue 
311597,Chaotic,None,2 ns/mc,-0.781514526274683,Crimson 
311196,Coherent,None,3 ns/mc,0.48247806501939494,Crimson 
310407,Fractured,None,2 ns/mc,0.323130746776888,Crimson 
312473,Fractured,None,1 ns/mc,-0.5169662713639771,Turquiose 
310626,Chaotic,None,1 ns/mc,-0.512344704870247,Crimson 
313551,Resonant,None,1 ns/mc,0.22531071055678153,Silver 
310551,Fractured,None,2 ns/mc,0.2152427194065003,Crimson 
311860,Chaotic,None,3 ns/mc,-0.5489559406801108,Crimson 
313012,Stable,None,3 ns/mc,-0.3997127845283883,Crimson 
312901,Coherent,None,2 ns/mc,-0.21276047621551797,Crimson 
310315,Fractured,None,3 ns/mc,-0.16094958391802217,Crimson 
311473,Coherent,None,1 ns/mc,0.08397977262983769,Crimson 
312143,Fractured,None,1 ns/mc,-0.5792575568310747,Violet 
311138,Resonant,None,3 ns/mc,0.39735092058568444,Silver 
310400,Fractured,None,3 ns/mc,0.5483911483210269,Crimson 
311453,Fractured,None,2 ns/mc,0.5459654018696276,Violet 
312507,Stable,Harmonized,3 ns/mc,0.2394301627150197,Violet 
311655,Fractured,Harmonized,2 ns/mc,0.893987728932762,Silver 
313461,Fractured,None,3 ns/mc,0.9591763325249576,Silver 
313338,Chaotic,None,3 ns/mc,-0.30380539398158324,Crimson 
312946,Coherent,None,1 ns/mc,0.9455611544539073,White-Blue 
312775,Coherent,None,1 ns/mc,-0.7508751015100896,Crimson 
311180,Resonant,None,1 ns/mc,0.5517320416612868,Crimson 
311702,Stable,None,3 ns/mc,-0.03706880945213342,Crimson 
312760,Fractured,None,3 ns/mc,0.370752332821076,Crimson 
313162,Stable,None,2 ns/mc,0.1263054953874212,Crimson 
311006,Coherent,Harmonized,1 ns/mc,-0.7138276565942867,Crimson 
313758,Chaotic,None,2 ns/mc,0.9599852083283831,Violet 
312435,Coherent,Harmonized,3 ns/mc,0.5438111923231714,Silver 
313306,Resonant,None,2 ns/mc,0.9667897210870353,Turquiose 
311984,Coherent,Harmonized,2 ns/mc,0.8794139159575172,Crimson 
312378,Resonant,Harmonized,2 ns/mc,0.870707438978398,Crimson 
313329,Fractured,None,3 ns/mc,0.9553329572437077,Crimson 
313599,Resonant,None,1 ns/mc,0.2761290619161001,Crimson 
311098,Stable,None,3 ns/mc,-0.3595405461012946,Crimson 
311713,Fractured,Harmonized,3 ns/mc,0.2697779260006712,Crimson 
312113,Stable,None,3 ns/mc,0.9265765265812782,Violet 
310928,Coherent,Harmonized,1 ns/mc,0.7916419852836059,Violet 
312906,Coherent,Harmonized,1 ns/mc,-0.26411790638090893,Silver 
311926,Chaotic,None,2 ns/mc,-0.504609998617437,Silver 
311900,Coherent,None,2 ns/mc,-0.5138656870538072,Crimson 
310767,Fractured,None,3 ns/mc,-0.710778990609664,Crimson 
312871,Resonant,Harmonized,1 ns/mc,-0.2313671713800931,Crimson 
310210,Fractured,None,3 ns/mc,-0.53433373684675,Silver 
313026,Resonant,Harmonized,1 ns/mc,0.3210622750227914,Crimson 
310522,Resonant,None,3 ns/mc,0.15373896531180198,Crimson 
311387,Resonant,None,1 ns/mc,0.7770212565357419,Crimson 
310510,Fractured,None,3 ns/mc,-0.9328433007927228,Crimson 
312611,Resonant,None,3 ns/mc,0.16800528552078275,White-Blue 
310975,Stable,None,2 ns/mc,0.4230516882136177,Crimson 
311117,Resonant,None,3 ns/mc,-0.955833594933067,Crimson 
312950,Fractured,None,3 ns/mc,0.18996730589144706,Crimson 
310107,Fractured,None,1 ns/mc,-0.9639056023750892,Silver 
312127,Coherent,None,3 ns/mc,-0.6268285852001503,Silver 
312582,Chaotic,Harmonized,3 ns/mc,0.5694174934327332,Silver 
312285,Fractured,None,1 ns/mc,0.7239936944919578,Crimson 
311386,Fractured,None,3 ns/mc,0.9791852996961012,Crimson 
312145,Chaotic,None,2 ns/mc,-0.3181936518441941,Silver 
312097,Resonant,Harmonized,3 ns/mc,0.9815097982859609,Crimson 
312214,Fractured,None,3 ns/mc,-0.7844111688610416,Violet 
313138,Coherent,None,1 ns/mc,0.9424978904829469,Crimson 
310288,Chaotic,None,3 ns/mc,0.46050718718355643,Silver 
313761,Stable,None,2 ns/mc,-0.1298502482516426,Crimson 
312131,Chaotic,None,2 ns/mc,0.8824654809270647,Silver 
310268,Coherent,None,3 ns/mc,-0.20830031020109274,Crimson 
312045,Fractured,None,1 ns/mc,-0.7371985355350044,Crimson 
311519,Chaotic,None,2 ns/mc,-0.23686017407943005,Crimson 
310788,Resonant,None,3 ns/mc,-0.9098309296834657,Crimson 
311190,Resonant,None,1 ns/mc,0.4699949066767086,Silver 
310822,Chaotic,None,3 ns/mc,0.781708429261756,Crimson 
311261,Resonant,None,1 ns/mc,-0.4921409558754146,Silver 
310101,Fractured,None,3 ns/mc,-0.4721693607411701,Crimson 
313649,Chaotic,Harmonized,1 ns/mc,-0.1915831973935187,Violet 
311314,Coherent,None,3 ns/mc,-0.8258005237766795,Crimson 
313177,Coherent,None,1 ns/mc,-0.07501045346025514,Crimson 
310854,Fractured,None,1 ns/mc,-0.3458629074293569,Crimson 
313592,Chaotic,None,3 ns/mc,-0.9008781521599922,Silver 
310024,Chaotic,None,1 ns/mc,0.9872742799830287,Crimson 
311012,Fractured,None,2 ns/mc,-0.9158080893033889,Violet 
312388,Coherent,None,2 ns/mc,-0.579829756955788,Crimson 
312007,Chaotic,None,2 ns/mc,-0.2767805560693255,Crimson 
312027,Coherent,None,3 ns/mc,0.7123013897403778,Crimson 
310763,Coherent,Harmonized,1 ns/mc,-0.5442386051074599,Silver 
311620,Coherent,None,3 ns/mc,0.3378108530019055,Violet 
311951,Resonant,None,3 ns/mc,0.8370205410933294,Silver 
310654,Stable,Harmonized,3 ns/mc,-0.9087810932186482,Silver 
310744,Coherent,None,2 ns/mc,-0.9850938438775594,Crimson 
313373,Fractured,None,2 ns/mc,-0.5766221517566543,Crimson 
310602,Coherent,None,3 ns/mc,-0.16126354803949283,White-Blue 
313271,Fractured,None,3 ns/mc,0.5733886716765952,Silver 
313494,Fractured,None,1 ns/mc,-0.9141344778624265,Crimson 
312874,Stable,None,3 ns/mc,-0.9268556692479009,Crimson 
311632,Fractured,None,3 ns/mc,0.7835573953849004,Crimson 
310713,Stable,None,1 ns/mc,-0.4391724874694358,Crimson 
311016,Stable,None,3 ns/mc,0.8118556978859652,Silver 
311106,Resonant,None,2 ns/mc,0.115896580984306,Crimson 
310739,Stable,Harmonized,3 ns/mc,0.6968698952912482,Crimson 
310458,Coherent,Harmonized,1 ns/mc,0.6934403633572384,Crimson 
313573,Resonant,None,3 ns/mc,0.10522803829272909,Violet 
313030,Resonant,None,2 ns/mc,0.04783974965479043,Crimson 
310513,Coherent,None,3 ns/mc,0.4559402224815834,Silver 
311547,Fractured,None,3 ns/mc,0.23146983138759802,White-Blue 
312910,Stable,None,3 ns/mc,-0.2992893794287814,Crimson 
313514,Chaotic,None,2 ns/mc,0.6307106311990636,Violet 
312578,Fractured,None,3 ns/mc,-0.4929372453470624,Crimson 
311598,Fractured,None,1 ns/mc,0.7061465852843674,Silver 
310724,Fractured,None,3 ns/mc,0.07364893188652255,Turquiose 
311264,Coherent,None,2 ns/mc,0.7963166252904925,Crimson 
312489,Fractured,None,2 ns/mc,-0.3910645079859163,Violet 
311313,Fractured,Harmonized,2 ns/mc,0.6174961953053428,Crimson 
312038,Resonant,None,1 ns/mc,-0.3343841573173665,Crimson 
310313,Resonant,None,2 ns/mc,0.8970615084950129,Crimson 
310324,Stable,None,2 ns/mc,0.5061580461157447,Crimson 
310478,Resonant,None,3 ns/mc,-0.2663958435414231,Silver 
311739,Fractured,None,1 ns/mc,-0.5859253926670802,Silver 
313009,Coherent,None,1 ns/mc,0.7162976437175157,Crimson 
311720,Coherent,None,1 ns/mc,0.18030892037093205,Crimson 
311366,Coherent,None,1 ns/mc,0.7301050981767732,Violet 
313192,Chaotic,None,3 ns/mc,-0.2739580693885775,Crimson 
310884,Resonant,Harmonized,1 ns/mc,-0.5980962857107599,Crimson 
313406,Stable,None,2 ns/mc,0.37522901402101727,Violet 
312117,Fractured,None,1 ns/mc,0.146033421840563,Crimson 
310217,Fractured,None,2 ns/mc,0.39223477980320265,Silver 
311249,Chaotic,None,1 ns/mc,0.8965969716122604,Crimson 
311147,Fractured,Harmonized,1 ns/mc,-0.4368645809030578,Crimson 
313314,Resonant,None,2 ns/mc,0.8648022333304544,Silver 
311959,Resonant,None,1 ns/mc,0.9464877507334792,Crimson 
311150,Coherent,None,3 ns/mc,0.7948486145750773,Crimson 
310623,Resonant,None,2 ns/mc,-0.9201302200080756,Crimson 
313182,Coherent,None,3 ns/mc,0.15908884834911952,White-Blue 
312044,Coherent,Harmonized,1 ns/mc,0.2652347478232051,Crimson 
310406,Stable,None,3 ns/mc,0.08005599255138951,White-Blue 
310734,Coherent,None,1 ns/mc,-0.847072123457731,Violet 
313385,Fractured,None,1 ns/mc,-0.20935726642337338,Crimson 
313140,Stable,None,1 ns/mc,-0.2366956835047902,Silver 
310437,Resonant,Harmonized,1 ns/mc,-0.41596737611666645,White-Blue 
311652,Coherent,None,1 ns/mc,0.5310184724020321,Crimson 
311380,Stable,None,1 ns/mc,-0.019555997605321673,Crimson 
313161,Stable,None,1 ns/mc,0.0298726119560504,Silver 
313330,Resonant,None,3 ns/mc,0.12111588759658254,Crimson 
313793,Resonant,None,1 ns/mc,-0.12644235374078572,Violet 
310681,Fractured,None,2 ns/mc,0.7387058780614169,Crimson 
311095,Stable,None,1 ns/mc,0.26895699521564875,Violet 
310813,Fractured,Harmonized,3 ns/mc,0.0920573713438797,Crimson 
311142,Coherent,None,1 ns/mc,-0.713757145092959,Crimson 
310733,Stable,None,3 ns/mc,-0.21276475698602848,Crimson 
313153,Resonant,None,1 ns/mc,0.5858886164882524,Crimson 
310737,Stable,Harmonized,1 ns/mc,-0.4232983143705531,Crimson 
313039,Coherent,None,1 ns/mc,-0.8141964979565777,Violet 
313593,Coherent,None,1 ns/mc,0.6406712363125138,Crimson 
310180,Fractured,None,3 ns/mc,0.8500924876046085,Silver 
310810,Chaotic,Harmonized,2 ns/mc,0.19560198621268854,Crimson 
311056,Chaotic,None,1 ns/mc,0.04435957525493239,Silver 
310139,Stable,None,1 ns/mc,0.2823790589470565,Crimson 
310212,Fractured,None,2 ns/mc,-0.5344995562985151,Crimson 
312190,Chaotic,None,2 ns/mc,0.6710167985006921,Silver 
312883,Coherent,None,2 ns/mc,0.22872400070391685,Crimson 
310536,Chaotic,None,1 ns/mc,-0.13977869221713823,Crimson 
312835,Chaotic,None,3 ns/mc,0.26947269729603507,Crimson 
312999,Resonant,Harmonized,3 ns/mc,0.08553371559211698,Violet 
312455,Chaotic,Harmonized,3 ns/mc,-0.348739549561335,Silver 
311743,Stable,None,2 ns/mc,-0.24082750836457234,Crimson 
311572,Fractured,None,3 ns/mc,-0.5943666056944954,Violet 
312085,Stable,Harmonized,3 ns/mc,-0.09040655019027954,Silver 
313740,Resonant,None,2 ns/mc,-0.9536797456290882,Crimson 
310504,Stable,None,1 ns/mc,0.4766316828848609,Crimson 
313294,Resonant,None,1 ns/mc,-0.16001274522769982,Crimson 
313243,Chaotic,None,1 ns/mc,-0.3253798438582989,Crimson 
311969,Stable,None,2 ns/mc,-0.42901783403337546,Turquiose 
312347,Fractured,None,2 ns/mc,0.3011367075665472,Crimson 
310229,Stable,None,3 ns/mc,0.7309335811362303,Violet 
312683,Stable,None,1 ns/mc,-0.9023231329538097,Silver 
311373,Coherent,None,1 ns/mc,-0.7204839824347427,Crimson 
310665,Chaotic,None,2 ns/mc,0.8437613568191602,Violet 
312525,Chaotic,None,1 ns/mc,-0.6651809617776661,Crimson 
312212,Stable,None,3 ns/mc,0.07388571808356148,Crimson 
313051,Fractured,None,2 ns/mc,0.6898890313866519,Crimson 
311905,Fractured,None,1 ns/mc,0.3401313080265127,Violet 
311614,Stable,Harmonized,1 ns/mc,-0.8052663593859768,Crimson 
310152,Stable,None,3 ns/mc,0.45581190168476104,Crimson 
310246,Resonant,None,1 ns/mc,0.013081327230372919,Crimson 
310357,Fractured,None,3 ns/mc,-0.581668584420967,Crimson 
311942,Coherent,None,2 ns/mc,-0.07202319725915673,Silver 
312158,Fractured,None,2 ns/mc,-0.6091036726864787,Crimson 
312220,Coherent,None,2 ns/mc,0.7264955656103247,Crimson 
311684,Coherent,None,1 ns/mc,-0.7229313242858664,Crimson 
312173,Fractured,None,3 ns/mc,-0.35337992750278713,Crimson 
311454,Coherent,None,1 ns/mc,0.05247317677059904,Silver 
311035,Coherent,None,2 ns/mc,0.8266077754435293,Crimson 
311065,Fractured,None,1 ns/mc,-0.8770037584600747,Crimson 
312249,Fractured,None,2 ns/mc,-0.8169073368306017,Turquiose 
313421,Fractured,None,3 ns/mc,-0.8765605705447885,Silver 
310343,Chaotic,None,3 ns/mc,0.09559715851810413,Crimson 
310484,Chaotic,None,2 ns/mc,-0.604101676641883,Crimson 
313381,Fractured,None,1 ns/mc,-0.5107198745628878,Violet 
311140,Chaotic,None,2 ns/mc,0.9127998685186873,Crimson 
311167,Stable,None,1 ns/mc,-0.7459996338785313,Crimson 
311489,Fractured,None,3 ns/mc,-0.9823715469283416,Silver 
312892,Chaotic,None,1 ns/mc,0.05099971407375592,Crimson 
312550,Stable,None,3 ns/mc,0.10934472640970427,White-Blue 
312543,Coherent,None,3 ns/mc,-0.16702001929787746,Violet 
313696,Coherent,None,1 ns/mc,0.26991085352954114,Crimson 
313111,Chaotic,None,3 ns/mc,0.7331275616435109,Crimson 
313435,Coherent,None,3 ns/mc,0.765499701753654,Crimson 
313082,Coherent,None,2 ns/mc,0.2889930350444456,Crimson 
312428,Stable,None,2 ns/mc,0.22191516530462452,Crimson 
313322,Coherent,None,3 ns/mc,0.05342848076717677,Turquiose 
310874,Coherent,None,2 ns/mc,0.7892061454944581,Crimson 
310941,Stable,None,1 ns/mc,-0.9575084044949278,Crimson 
312370,Stable,None,3 ns/mc,-0.7100183050262876,Crimson 
310302,Chaotic,None,3 ns/mc,-0.3298550748245208,Crimson 
312599,Stable,None,3 ns/mc,-0.8941828026231466,Crimson 
313362,Resonant,None,2 ns/mc,0.028754095690250114,Crimson 
310841,Chaotic,None,1 ns/mc,0.6128364353251068,White-Blue 
310529,Resonant,None,3 ns/mc,-0.6722766236248423,Crimson 
311184,Resonant,None,2 ns/mc,-0.8185852245312912,Turquiose 
310149,Resonant,None,3 ns/mc,-0.13094681882801673,Crimson 
313586,Stable,None,1 ns/mc,0.7032134892637105,Silver 
311091,Chaotic,Harmonized,2 ns/mc,0.1805126924266558,Crimson 
312480,Chaotic,None,1 ns/mc,-0.5836801940024603,Silver 
312632,Resonant,None,1 ns/mc,0.5928510069953119,Crimson 
312541,Resonant,None,3 ns/mc,-0.5671927280192739,Silver 
310579,Fractured,None,2 ns/mc,0.9222179681549361,Crimson 
310371,Fractured,None,2 ns/mc,-0.44062875755909126,Crimson 
311492,Fractured,None,1 ns/mc,0.6557262923121165,Crimson 
311690,Chaotic,None,1 ns/mc,-0.5273738831723453,Crimson 
311036,Fractured,None,1 ns/mc,-0.5543314790075689,Violet 
310938,Resonant,None,1 ns/mc,0.13175090726476935,Crimson 
310746,Resonant,None,2 ns/mc,-0.06794396591448915,Violet 
312458,Resonant,None,1 ns/mc,-0.14914872298928272,Crimson 
311240,Coherent,Harmonized,2 ns/mc,-0.3320885701347247,Crimson 
313217,Chaotic,None,3 ns/mc,-0.8922125112929309,Crimson 
311961,Chaotic,None,3 ns/mc,-0.033858163546105935,Crimson 
312800,Resonant,None,3 ns/mc,0.6750287113977977,Crimson 
310729,Stable,None,3 ns/mc,-0.5102186843641929,Crimson 
310028,Resonant,None,3 ns/mc,0.3392175254219534,Crimson 
311093,Chaotic,None,1 ns/mc,0.9043458121656973,Silver 
313527,Coherent,None,2 ns/mc,0.9014462118639328,Crimson 
310864,Stable,None,2 ns/mc,0.4615366544695505,Violet 
310895,Chaotic,None,3 ns/mc,-0.631144300500188,Crimson 
310899,Resonant,None,2 ns/mc,0.3266832959460111,Crimson 
312482,Chaotic,Harmonized,3 ns/mc,-0.03978280884894536,Violet 
311579,Resonant,None,2 ns/mc,-0.8682959754988164,Crimson 
313195,Stable,None,2 ns/mc,-0.8578080154920962,Crimson 
313577,Fractured,None,3 ns/mc,0.05351807011146281,Silver 
310041,Coherent,None,3 ns/mc,0.16093137718316997,Crimson 
313468,Fractured,None,3 ns/mc,0.7669393708634509,Crimson 
310932,Fractured,None,3 ns/mc,-0.3147699157312005,Violet 
311625,Resonant,Harmonized,3 ns/mc,0.08238723000349668,Violet 
311302,Coherent,None,3 ns/mc,-0.6473910799118299,Silver 
313442,Stable,Harmonized,2 ns/mc,0.812163905493481,Crimson 
311850,Coherent,None,2 ns/mc,0.8159137452829432,Crimson 
311909,Chaotic,None,2 ns/mc,-0.6111184988698968,Silver 
313538,Coherent,None,3 ns/mc,-0.2281497939227013,Silver 
311125,Resonant,Harmonized,3 ns/mc,-0.22158057597509684,Crimson 
310096,Fractured,None,2 ns/mc,0.34716069563663,Crimson 
311244,Resonant,None,1 ns/mc,-0.7167632154056665,Crimson 
310099,Resonant,None,1 ns/mc,0.7379857836710464,Silver 
310467,Resonant,None,3 ns/mc,-0.3926154939641362,Crimson 
310783,Stable,None,3 ns/mc,0.06922626681504962,Crimson 
312746,Chaotic,None,3 ns/mc,-0.4055795401360762,Crimson 
310521,Stable,None,1 ns/mc,0.6172760915235882,Crimson 
313658,Stable,None,2 ns/mc,0.08679268009968233,Silver 
310565,Coherent,Harmonized,2 ns/mc,-0.7545157106204996,Crimson 
310254,Fractured,None,2 ns/mc,0.2598322143929186,Turquiose 
312400,Resonant,None,1 ns/mc,-0.019711726310512212,Crimson 
311760,Resonant,Harmonized,3 ns/mc,-0.28249632190061624,Crimson 
310264,Fractured,None,2 ns/mc,0.894920790342675,Silver 
312791,Fractured,None,3 ns/mc,0.42994153420676384,Silver 
310433,Stable,None,1 ns/mc,0.02262759322470642,Violet 
313408,Fractured,None,2 ns/mc,-0.3425252113912878,Violet 
310367,Fractured,Harmonized,2 ns/mc,-0.33906392165367216,Silver 
310227,Resonant,None,3 ns/mc,0.4350078518273064,Silver 
311971,Chaotic,Harmonized,1 ns/mc,-0.467039073579685,Crimson 
312081,Fractured,None,3 ns/mc,-0.4745670784321261,Violet 
311268,Fractured,None,1 ns/mc,-0.4117256983793349,Crimson 
313797,Stable,Harmonized,2 ns/mc,-0.12214387823589412,Violet 
311873,Coherent,None,2 ns/mc,0.2882062351430197,Crimson 
312293,Chaotic,None,3 ns/mc,-0.6088913248305514,Crimson 
311830,Chaotic,None,3 ns/mc,-0.6515950281224447,Crimson 
313518,Resonant,None,1 ns/mc,0.9424251697327259,Violet 
313781,Coherent,None,1 ns/mc,-0.5362767240045092,Violet 
311847,Resonant,None,1 ns/mc,0.2541539706022553,Crimson 
313035,Chaotic,None,2 ns/mc,-0.004224554216588183,Crimson 
310659,Fractured,None,3 ns/mc,0.4687240283250116,Crimson 
313594,Coherent,Harmonized,3 ns/mc,-0.13962823504541588,Violet 
312247,Coherent,None,3 ns/mc,-0.015424908485645705,Crimson 
313077,Resonant,None,1 ns/mc,-0.3570516913485262,Violet 
313310,Stable,None,1 ns/mc,0.14328040993059465,Crimson 
312721,Coherent,None,1 ns/mc,-0.6595429917485909,Crimson 
310267,Stable,Harmonized,1 ns/mc,-0.2623698991468175,Crimson 
311512,Coherent,Harmonized,3 ns/mc,0.571739715451471,Crimson 
313379,Stable,None,3 ns/mc,-0.9207524742123279,Violet 
311819,Coherent,None,1 ns/mc,-0.2651718661641924,Crimson 
